author,title,subtitle,era,source,keyword,context,sense_rule,Unnamed: 8,Formal,General,confidence
岡本綺堂,綺堂むかし語り,,Meiji,「綺堂むかし語り」光文社時代小説文庫、光文社,自殺,なければなるまい。 蝎は敵に囲まれた時は自殺する。おのが尻尾《しっぽ》の剣先をおのが,Formal,,,,
槇村浩,一九三二・二・二六,―白テロに斃た××聯隊の革命的兵士に―,Taisho,「槇村浩詩集」平和資料館・草の家、飛鳥出版室,自殺,》らを宥《なだ》めかねてやつらのひとりが自殺《じさつ》せうと、よし 泥《どろ》のやう,General,,0.0,1.0,1.0
シェークスピヤ　William Shakespeare,ロミオとヂュリエット,ROMEO AND JULIET,Pre-Meiji,「ロミオとヂュリエット　新修シェークスピヤ全集　第二十五卷」中央公論社,自殺,女《をんな》の墓《はか》の中《なか》にて自殺《じさつ》なさん底意《そこい》まで、明白,General,,0.0,1.0,1.0
野村胡堂,錢形平次捕物控,買つた遺書,Meiji,「錢形平次捕物全集第五卷　蝉丸の香爐」同光社磯部書房,自殺,も人のゐない部屋で死んでゐたんですから、自殺に違ひない――とお絹さんも近所の衆も言ひ,General,,,,
夢野久作,復讐,,Meiji,「夢野久作全集8」ちくま文庫、筑摩書房,自殺,種の幻覚錯覚に陥って、自分でも予期しない自殺同様の、非業《ひごう》の最期を遂《と》げ,Formal,,0.0,1.0,1.0
甲賀三郎,支倉事件,,Meiji,「日本探偵小説全集1　黒岩涙香　小酒井不木　甲賀三郎集」創元推理文庫、東京創元社,自殺,のか、それとも自殺となっとるのかね」 「自殺と云う事になっているのです」 石子は署長,General,,,,
野村胡堂,銭形平次捕物控,矢取娘,Meiji,「銭形平次捕物控（十三）青い帯」嶋中文庫、嶋中書店,自殺,た。 「あの通りだ。刃物が手近にあれば、自殺と間違えるところを――ずいぶん捜してみた,Formal,,0.0,1.0,1.0
野村胡堂,銭形平次捕物控,買った遺書,Meiji,「銭形平次捕物控（一）平次屠蘇機嫌」嶋中文庫、嶋中書店,自殺, そっと後ろから近づいたのはお糸でした。自殺で済ませば済んだのを、うっかり銭形平次を,Formal,,0.0,1.0,1.0
岸田國士,泉,,Meiji,「岸田國士全集14」岩波書店,自殺,不機嫌になり、結局、彼女は、表向き伯爵の自殺となんら関係のないものと認められはしたら,General,,,,
坂口安吾,明治開化　安吾捕物,その十　冷笑鬼,Meiji,「坂口安吾全集　10」筑摩書房,自殺,のはフシギではない。 「ミネが夫を殺して自殺したものと断定しますが、結城さんの御意見,General,,0.0,1.0,
菊池寛,真珠夫人,,Meiji,「真珠夫人（上）」新潮文庫、新潮社,自殺,にも直《す》ぐ判《わか》りますが。」 「自殺！　自殺の意志。もしあったとすれば、それ,General,,0.0,1.0,1.0
谷崎潤一郎,武州公秘話,,Meiji,「武州公秘話」中公文庫、中央公論社,自殺,るけれども、何分にも日夜監視が厳重な上に自殺の手段を奪われてしまっていたので、腹を切,General,,0.0,1.0,1.0
浅野和三郎,霊界通信　小桜姫物語,,Meiji,「霊界通信　小桜姫物語」潮文社,自殺,としてはあまりほめたことではないらしく、自殺者《じさつしゃ》は大抵《たいてい》皆《み,General,,,,
甲賀三郎,支倉事件,,Meiji,「日本探偵小説全集1　黒岩涙香　小酒井不木　甲賀三郎集」創元推理文庫、東京創元社,自殺,」 司法主任は呼びかけた。 「その屍体は自殺と云う事になっているのですが」 「そいつ,General,,,,
國木田獨歩,石清虚,,Meiji,「國木田獨歩全集　第四巻」学習研究社,自殺,狂《くる》ひに狂《くる》ひ、遂《つひ》に自殺《じさつ》しようとして何度《なんど》も妻,General,,0.05,0.95,0.95
清水紫琴,したゆく水,,Meiji,「紫琴全集　全一巻」草土文化,自殺,のがある。検死の邪魔にならふか知らぬが、自殺他殺も知らいでは、深井様へのいひわけが、,General,,,,
野村胡堂,錢形平次捕物控,お藤は解く,Meiji,「錢形平次捕物全集第六卷　兵庫の眼玉」同光社磯部書房,自殺,呂場は外から鍵が掛つて居た相ですよ親分、自殺した者がそんな藝當が出來るでせうか」 「,Formal,,0.0,1.0,
野村胡堂,錢形平次捕物控,蔵の中の死,Meiji,「錢形平次捕物全集第二十九卷　浮世繪の女」同光社,自殺,い疑惑がこびりついてをります。 「これは自殺でも、殺しでもありませんね」 「何んだと,Formal,,0.0,1.0,1.0
海野十三,蠅男,,Meiji,「海野十三全集　第2巻　俘囚」三一書房,自殺,何でもあれしまへんけれど――よもや父は、自殺をするために自分で首をくくったのやあれし,Formal,,0.0,1.0,1.0
菊池寛,厳島合戦,,Meiji,「日本合戦譚」文春文庫、文藝春秋社,自殺,も毛利軍の大勝に帰したわけであるが、晴賢自殺の場所については、厳島の南岸の青海苔浦《,General,,,,
甲賀三郎,支倉事件,,Meiji,「日本探偵小説全集1　黒岩涙香　小酒井不木　甲賀三郎集」創元推理文庫、東京創元社,自殺,のか、それとも自殺となっとるのかね」 「自殺と云う事になっているのです」 石子は署長,General,,0.0,1.0,
浅野和三郎,霊界通信　小桜姫物語,,Meiji,「霊界通信　小桜姫物語」潮文社,自殺,》飛《と》んでもない死方《しにかた》――自殺《じさつ》を遂《と》げて了《しま》ったの,General,,0.0,1.0,
江戸川乱歩,悪魔の紋章,,Meiji,「江戸川乱歩全集　第12巻　悪魔の紋章」光文社文庫、光文社,自殺,ただ一つ、何者かが彼女を殺害して、後から自殺と見せかけて置いたという考え方です。これ,General,,0.0,1.0,1.0
夢野久作,ドグラ・マグラ,,Meiji,「夢野久作全集9」ちくま文庫、筑摩書房,自殺,と共犯者の追求から救われ得る道は唯二つ『自殺』と『発狂』以外にないと言っても宜《い》,General,,0.0,1.0,1.0
海野十三,麻雀殺人事件,,Meiji,「海野十三全集　第1巻　遺言状放送」三一書房,自殺,でないという点では、誰もが一致した。彼は自殺をするような性格でもなかったし、そのポケ,Formal,,0.0,1.0,1.0
浅野和三郎,霊界通信　小桜姫物語,,Meiji,「霊界通信　小桜姫物語」潮文社,自殺,或《あ》る事情《じじょう》の為《た》めに自殺《じさつ》を遂《と》げた一人《ひとり》の,General,,,,
野村胡堂,錢形平次捕物控,お藤は解く,Meiji,「錢形平次捕物全集第六卷　兵庫の眼玉」同光社磯部書房,自殺,前、母は萬兵衞の罠《わな》に落ちて、到頭自殺して了ひました」 「――」 「それにも懲,General,,,,
野村胡堂,銭形平次捕物控,矢取娘,Meiji,「銭形平次捕物控（十三）青い帯」嶋中文庫、嶋中書店,自殺,えって刃物を置いて行くかも知れないよ」 自殺に見せる細工は、この場合立派に成り立ちま,Formal,,0.0,1.0,1.0
三島霜川,平民の娘,,Meiji,「三島霜川選集（中巻）」三島霜川選集刊行会,自殺,》や強盗《がうとう》や姦通《かんつう》や自殺《じさつ》や放火《はうくわ》や詐欺《さぎ,General,,0.0,1.0,1.0
甲賀三郎,支倉事件,,Meiji,「日本探偵小説全集1　黒岩涙香　小酒井不木　甲賀三郎集」創元推理文庫、東京創元社,自殺,の事死んだ方がましだと、それから二度目の自殺を謀ったのであります。看守厳重になり到底,Formal,,0.72,0.28,
国枝史郎,血曼陀羅紙帳武士,,Meiji,「血曼陀羅紙帳武士」国枝史郎伝奇文庫22、講談社,自殺,絶望的となる。その果ては、気の弱い者なら自殺に走り、気の強いものなら、欝積している気,Formal,"интересный контекст ""слабые духом кончают жизнь самоубийством, а сильные духом впадают в депрессию"" - реверсивный традиционной культуре контекст",,,
太宰治,右大臣実朝,,Meiji,「太宰治全集第五巻」筑摩書房,自殺,、甲斐国坂東山波加利の東競石郷二木に於て自殺す矣、和田新左衛門尉常盛並びに横山右馬允,General,,0.0,1.0,
中里介山,大菩薩峠,山科の巻,Meiji,「大菩薩峠19」ちくま文庫、筑摩書房,自殺,攻め落し、柴田勝家が天主へ火をかけて一族自殺し終った、それを秀吉が高台から見下ろして,Formal,,0.65,0.35,
坂口安吾,明治開化　安吾捕物,その十　冷笑鬼,Meiji,「坂口安吾全集　10」筑摩書房,自殺,のはフシギではない。 「ミネが夫を殺して自殺したものと断定しますが、結城さんの御意見,General,,,,
坂口安吾,明治開化　安吾捕物,その五　万引家族,Meiji,「坂口安吾全集　10」筑摩書房,自殺,るけれども、実は自殺したのであった。その自殺もタダの自殺ではなかった。彼は自分が癩病,General,,,,
野村胡堂,銭形平次捕物控,お藤は解く,Meiji,「銭形平次捕物控（一）平次屠蘇機嫌」嶋中文庫、嶋中書店,自殺,母は万兵衛の罠《わな》に落ちて、とうとう自殺してしまいました」 「…………」 「それ,General,,0.0,1.0,1.0
江戸川乱歩,白髪鬼,,Meiji,「江戸川乱歩全集　第7巻　黄金仮面」光文社文庫、光文社,自殺,ったと思います。 肉食獣 わしはとうとう自殺をあきらめた。そして、自殺をする代りに、,Formal,,0.0,1.0,1.0
甲賀三郎,支倉事件,,Meiji,「日本探偵小説全集1　黒岩涙香　小酒井不木　甲賀三郎集」創元推理文庫、東京創元社,自殺,与えて、殺して呉れと頼んだり、その事が又自殺の宣伝のように取れたり、或いはクルリ／＼,General,,,,
中里介山,大菩薩峠,山科の巻,Meiji,「大菩薩峠19」ちくま文庫、筑摩書房,自殺,攻め落し、柴田勝家が天主へ火をかけて一族自殺し終った、それを秀吉が高台から見下ろして,Formal,ритуальный суицид семьи в замке и сжигание замка,,,
中村地平,霧の蕃社,,Meiji,「〈外地〉の日本語文学選1　南方・南洋／台湾」新宿書房,自殺,ヒポアリスはまだ十歳であった。父が壮烈な自殺を遂《と》げた時は、ちょうど隣家に遊びに,Formal,,0.0,1.0,1.0
坂口安吾,明治開化　安吾捕物,その十　冷笑鬼,Meiji,「坂口安吾全集　10」筑摩書房,自殺,れに最も血の近い五名の骨肉が盗み、殺し、自殺する動機をつくり機会を与えて、それを見物,General,,,,
甲賀三郎,支倉事件,,Meiji,「日本探偵小説全集1　黒岩涙香　小酒井不木　甲賀三郎集」創元推理文庫、東京創元社,自殺,れませんね」 「じゃ、君、過失でもなし、自殺でもないとすると、他殺に極っとるじゃない,General,,,,
坂口安吾,明治開化　安吾捕物,その十　冷笑鬼,Meiji,「坂口安吾全集　10」筑摩書房,自殺,れに最も血の近い五名の骨肉が盗み、殺し、自殺する動機をつくり機会を与えて、それを見物,General,,0.0,1.0,
甲賀三郎,支倉事件,,Meiji,「日本探偵小説全集1　黒岩涙香　小酒井不木　甲賀三郎集」創元推理文庫、東京創元社,自殺,》って終う。死体が貞であると決定しても尚自殺か他殺か過失死かいろ／＼問題が残るけれど,General,,0.0,1.0,
海野十三,赤耀館事件の真相,,Meiji,「海野十三全集　第1巻　遺言状放送」三一書房,自殺,らぬ顔をして泊っていたのでしょう。しかし自殺か他殺かは、前にも申した通りわかっては居,Formal,,0.0,1.0,1.0
野村胡堂,錢形平次捕物控,用心棒,Meiji,「錢形平次捕物全集第四卷　からくり屋敷」同光社磯部書房,自殺,す。 四 小夜菊は明らかに自殺しました。自殺の原因は殆んど無く、派手で陽氣で世の中が,General,,0.0,1.0,
坂口安吾,青春論,,Meiji,「坂口安吾全集14」ちくま文庫、筑摩書房,自殺,を覚えることがあるのであった。 切支丹は自殺をしてはいけないという戒めがあって、当時,Formal,,0.0,1.0,
江戸川乱歩,白髪鬼,,Meiji,「江戸川乱歩全集　第7巻　黄金仮面」光文社文庫、光文社,自殺,しい話ではありませんか。 わしはとうとう自殺を思い止まった。そして、その代りに、自殺,General,,0.0,1.0,1.0
江戸川乱歩,白髪鬼,,Meiji,「江戸川乱歩全集　第7巻　黄金仮面」光文社文庫、光文社,自殺,しい話ではありませんか。 わしはとうとう自殺を思い止まった。そして、その代りに、自殺,General,,0.0,1.0,1.0
国枝史郎,名人地獄,,Meiji,「名人地獄」国枝史郎伝奇文庫7、講談社,自殺,も知ることは出来なかった。 「春になると自殺者が多い」平八は憮然として呟いた。 「い,Formal,,0.0,1.0,
野村胡堂,錢形平次捕物控,傀儡名臣,Meiji,「錢形平次捕物全集第八卷　地獄から來た男」同光社磯部書房,自殺,は、自分の部屋で、梁《はり》に首を吊つて自殺し、用箪笥《ようだんす》の錠前は壞され、,Formal,,0.0,1.0,
吉本明光編,お蝶夫人,三浦環,Meiji,「三浦環　「お蝶夫人」」人間の記録、日本図書センター,自殺,で、ますます陰気になる。一時は悲観の末、自殺を決心したそうですが、家の者は、私に失恋,General,,,,
倉田百三,俊寛,,Meiji,「出家とその弟子　他一編」旺文社文庫、旺文社,自殺,康頼　侮辱《ぶじょく》されながら、しかも自殺できないほどの苛責《かしゃく》がありまし,Formal,указание на переход грани возможности суицида,,,
賀川豊彦,死線を越えて,死線を越えて,Meiji,「死線を越えて（三部作全一巻）」キリスト新聞社,自殺,とはないと考へた。 然し、そんな、死――自殺はどうして遂げ得るかと考へて見た。 それ,General,,0.02,0.98,0.98
甲賀三郎,支倉事件,,Meiji,「日本探偵小説全集1　黒岩涙香　小酒井不木　甲賀三郎集」創元推理文庫、東京創元社,自殺,畜生」 渡辺刑事は叫んだ。 「野郎又狂言自殺をやりやがったなっ」 「硝子なんか呑んだ,Formal,,0.0,1.0,
岡本綺堂,中国怪奇小説集,捜神記（六朝）,Meiji,「中国怪奇小説集」光文社,自殺,父を殺したのである。一人は憤恨のあまりに自殺した。一人も懊悩《おうのう》のために病い,Formal,,0.0,1.0,1.0
中里介山,大菩薩峠,黒業白業の巻,Meiji,「大菩薩峠5」ちくま文庫、筑摩書房,自殺,ってその背に手をかけた時に、それは決して自殺したものでないことを知りました。そこに迸,General,,,,
江戸川乱歩,探偵小説の「謎」,,Meiji,「新版　探偵小説の「謎」」現代教養文庫、社会思想社,自殺,綱を庭の木の枝に括《くく》りつけて首つり自殺を装わせるという奇抜なトリックを、チェス,Formal,,0.0,1.0,1.0
尾佐竹猛校訂,大岡政談,,Meiji,「大岡政談」帝國文庫、博文館,自殺,々顏を見合て然《しから》ば今宵の内に皆々自殺なさんと云ば伊賀亮｜推止《おしとゞ》め未,Formal,,0.0,1.0,
海野十三,麻雀殺人事件,,Meiji,「海野十三全集　第1巻　遺言状放送」三一書房,自殺,で始められた。 「松山の死体解剖の結果、自殺ではなく他殺であることが判りました。毒物,Formal,,0.0,1.0,1.0
甲賀三郎,支倉事件,,Meiji,「日本探偵小説全集1　黒岩涙香　小酒井不木　甲賀三郎集」創元推理文庫、東京創元社,自殺,た死体を小林貞に相違ないと断定し、それは自殺であるか、他殺であるか。他殺とせば何者が,General,,0.0,1.0,
海野十三,海野十三敗戦日記,,Meiji,「海野十三全集別巻2　日記・書簡・雑纂」三一書房,自殺,ニュースの連発である。ゲッペルス宣伝相は自殺したとソ連は発表した。リッペントロップ外,Formal,,0.0,1.0,1.0
江戸川乱歩,探偵小説の「謎」,,Meiji,「新版　探偵小説の「謎」」現代教養文庫、社会思想社,自殺,する話なのだが、この男、臆病者で、とても自殺はできない。自分で死ねないとすれば、他人,Formal,,0.0,1.0,1.0
坂口安吾,明治開化　安吾捕物,その五　万引家族,Meiji,「坂口安吾全集　10」筑摩書房,自殺,。 浅虫の先代は癩病を苦にやんで発狂して自殺した。それを普通の病死と称して世間をごま,Formal,,0.0,1.0,
野村胡堂,銭形平次捕物控,瓢箪供養,Meiji,「銭形平次捕物控（七）平次女難」嶋中文庫、嶋中書店,自殺,し怪しくなって来たよ」 「すると、あれが自殺だというんですかい、親分」 これはガラッ,General,,0.0,1.0,1.0
江戸川乱歩,白髪鬼,,Meiji,「江戸川乱歩全集　第7巻　黄金仮面」光文社文庫、光文社,自殺,わしはとうとう自殺をあきらめた。そして、自殺をする代りに、実に今思い出しても身の毛も,Formal,,0.0,1.0,1.0
野村胡堂,錢形平次捕物控,用心棒,Meiji,「錢形平次捕物全集第四卷　からくり屋敷」同光社磯部書房,自殺,石のやうに渡つて歩く女は、どう間違つても自殺などはしさうもありません。 「よし、行つ,General,,0.0,1.0,
坂口安吾,明治開化　安吾捕物,その十　冷笑鬼,Meiji,「坂口安吾全集　10」筑摩書房,自殺,していた。ミネの夫殺しであり、そのための自殺であった。アンドンをつける落着きをもつ唯,General,,,,
小酒井不木,闘争,,Meiji,「日本探偵小説全集1　黒岩涙香　小酒井不木　甲賀三郎集」創元推理文庫、東京創元社,自殺,これで、二人には罪がないとわかり、北沢は自殺ときまったが、さて、何だかまだ事件は片づ,General,,0.0,1.0,1.0
菊池寛,厳島合戦,,Meiji,「日本合戦譚」文春文庫、文藝春秋社,自殺,も毛利軍の大勝に帰したわけであるが、晴賢自殺の場所については、厳島の南岸の青海苔浦《,General,,0.0,1.0,
尾佐竹猛校訂,大岡政談,,Meiji,「大岡政談」帝國文庫、博文館,自殺,申｜送《おく》り我等は紀州《きしう》にて自殺致《じさついたす》より外なしと覺悟を極め,General,,,,
坂口安吾,明治開化　安吾捕物,その五　万引家族,Meiji,「坂口安吾全集　10」筑摩書房,自殺,密があったのだ。言うまでもなく浅虫権六は自殺ではなかろう。殺されているのさ。下手人は,General,,,,
野村胡堂,錢形平次捕物控,匕首の行方,Meiji,「錢形平次捕物全集第五卷　蝉丸の香爐」同光社磯部書房,自殺,も氣が附かなかつたのさ、柳吉の死んだのは自殺、喜三郎の死んだのも果報負けの自殺」 「,Formal,,0.01,0.99,
坂口安吾,明治開化　安吾捕物,その五　万引家族,Meiji,「坂口安吾全集　10」筑摩書房,自殺,いうことだ」 「それにしても、癩病だの、自殺だのということが、よく秘密に保てたもので,General,,,,
夢野久作,狂人は笑う,,Meiji,「夢野久作全集8」ちくま文庫、筑摩書房,自殺,て、その寝息をしている奴を殺すか、自分が自殺するか、二つに一つ……といったような絶体,Formal,,0.0,1.0,1.0
坂口安吾,明治開化　安吾捕物,その五　万引家族,Meiji,「坂口安吾全集　10」筑摩書房,自殺,なかったのである。ついに彼は、発狂して、自殺した。しかも、その自殺の悲惨なること。彼,Formal,,0.0,1.0,
清水紫琴,したゆく水,,Meiji,「紫琴全集　全一巻」草土文化,自殺,ぐつと突込んだ、剃刀はお園がもの。これが自殺でなからふかと。まだここのみは、明けやら,General,,,,
甲賀三郎,支倉事件,,Meiji,「日本探偵小説全集1　黒岩涙香　小酒井不木　甲賀三郎集」創元推理文庫、東京創元社,自殺,与えて、殺して呉れと頼んだり、その事が又自殺の宣伝のように取れたり、或いはクルリ／＼,Formal,,0.0,1.0,
甲賀三郎,支倉事件,,Meiji,「日本探偵小説全集1　黒岩涙香　小酒井不木　甲賀三郎集」創元推理文庫、東京創元社,自殺,た死体を小林貞に相違ないと断定し、それは自殺であるか、他殺であるか。他殺とせば何者が,General,,,,
国枝史郎,紅白縮緬組,,Meiji,「銅銭会事変　短編」国枝史郎伝奇文庫27、講談社,自殺,窮されて遊里に忍び、遂げられざるを知って自殺す云々」と。しかし、自害した真の原因は、,General,"суицидж по этическим причинам - ""не мог достичь цели""",,,
岸田國士,泉,,Meiji,「岸田國士全集14」岩波書店,自殺,ろ？」 「昨日の朝ださうです。なんでも、自殺だといふことです」 幾島は落ちついた口調,General,,,,
岡本綺堂,綺堂むかし語り,,Meiji,「綺堂むかし語り」光文社時代小説文庫、光文社,自殺,刺して仆《たお》れるのである。動物にして自殺するのは、恐らく蝎のほかにあるまい。蝎も,Formal,,,,
甲賀三郎,支倉事件,,Meiji,「日本探偵小説全集1　黒岩涙香　小酒井不木　甲賀三郎集」創元推理文庫、東京創元社,自殺,た。 「死後六ヵ月の溺死体とすると容易に自殺他殺の区別を断言する事は出来ませんね」 ,General,,,,
北村透谷,「罪と罰」の殺人罪,,Meiji,「明治文學全集　29　北村透谷集」筑摩書房,自殺,亂《さくらん》せられ、これが爲《ため》に自殺《じさつ》するに至《いた》りたる事《こと,General,,0.0,1.0,1.0
甲賀三郎,支倉事件,,Meiji,「日本探偵小説全集1　黒岩涙香　小酒井不木　甲賀三郎集」創元推理文庫、東京創元社,自殺,ては再び社会に顔向けが出来ない、この上は自殺するよりないから、どうか見逃して呉れと云,Formal,,,,
尾佐竹猛校訂,大岡政談,,Meiji,「大岡政談」帝國文庫、博文館,自殺,》せ掛《かけ》我も其場で潔《いさぎ》よく自殺を爲《なし》て怨《うら》みを晴《はらさ》,Formal,,0.6,0.4,
岸田國士,泉,,Meiji,「岸田國士全集14」岩波書店,自殺,不機嫌になり、結局、彼女は、表向き伯爵の自殺となんら関係のないものと認められはしたら,General,,0.0,1.0,
瀬沼夏葉訳,六號室,アントン・チエホフ　Anton Chekhov,Meiji,「明治文學全集　82　明治女流文學集（二）」筑摩書房,自殺,》にして、自分《じぶん》も續《つゞ》いて自殺《じさつ》して終《しま》はうと思《おも》,General,,0.0,1.0,1.0
海野十三,海野十三敗戦日記,,Meiji,「海野十三全集別巻2　日記・書簡・雑纂」三一書房,自殺, 十二月十六日 ◯近衛文麿公、本日朝服毒自殺す。 ◯世田谷名物ボロ市、昨日と今日と開,Formal,,0.0,1.0,1.0
江戸川乱歩,探偵小説の「謎」,,Meiji,「新版　探偵小説の「謎」」現代教養文庫、社会思想社,自殺,をもちだすが、財産に離れては大変なので、自殺するとおどかして、これに応じない。弁護士,Formal,,0.0,1.0,1.0
島崎藤村,夜明け前,第一部下,Meiji,「夜明け前　第一部（下）」岩波文庫、岩波書店,自殺,たり》、宍戸侯の切腹を聞いて悲憤のあまり自殺した家来数人、この難に死んだものは都合四,Formal,,0.63,0.37,
甲賀三郎,支倉事件,,Meiji,「日本探偵小説全集1　黒岩涙香　小酒井不木　甲賀三郎集」創元推理文庫、東京創元社,自殺,を突き破って死のうとしたり試みましたが、自殺の目的を達する事を得ず、煩悶している間に,General,,,,
夢野久作,山羊髯編輯長,,Meiji,「夢野久作全集4」ちくま文庫、筑摩書房,自殺,見た。 「ヨリ子のような卑しい女が、何で自殺しましょう。貴方のお言葉を信ずればこそで,Formal,,0.0,1.0,1.0
夢野久作,空を飛ぶパラソル,,Meiji,「夢野久作全集4」ちくま文庫、筑摩書房,自殺,デス。私ハ皆様ニ対シテ申訳アリマセンカラ自殺シマス。ドウゾコノ大馬鹿者ノ最期ヲ、アナ,Formal,,0.0,1.0,1.0
甲賀三郎,支倉事件,,Meiji,「日本探偵小説全集1　黒岩涙香　小酒井不木　甲賀三郎集」創元推理文庫、東京創元社,自殺,畜生」 渡辺刑事は叫んだ。 「野郎又狂言自殺をやりやがったなっ」 「硝子なんか呑んだ,General,,,,
岸田國士,泉,,Meiji,「岸田國士全集14」岩波書店,自殺,子に贈らうとしたか、幾島から聞いた夫人の自殺といふ事実と、名刺にしるされた短い言葉だ,Formal,,0.0,1.0,
島崎藤村,夜明け前,第一部上,Meiji,「夜明け前　第一部（上）」岩波文庫、岩波書店,自殺,でなって、漢文で世に行なわれた。堀織部の自殺を憐《あわれ》むものが続々と出て来て、手,General,,,,
太宰治,狂言の神,,Meiji,「太宰治全集1」ちくま文庫、筑摩書房,自殺,けを尊敬している。私は、牢へいれられた。自殺｜幇助罪《ほうじょざい》という不思議の罪,General,,0.0,1.0,1.0
太宰治,右大臣実朝,,Meiji,「太宰治全集第五巻」筑摩書房,自殺,うしてあてもなく海上をさまよひ歩き果ては自殺でもなさる気であらうと言ひ、或る者は、宋,General,,,,
国枝史郎,あさひの鎧,,Meiji,「あさひの鎧（上）」国枝史郎伝奇文庫、講談社,自殺,即座に死ぬ即座に死ぬ！） しかしこのまま自殺したならば、あの世において頼兼や国長に、,Formal,,,,
野村胡堂,錢形平次捕物控,月の隈,Meiji,「錢形平次捕物全集第二十五卷　火の呪ひ」同光社,自殺,思はなかつた。自分の家を潰したり、父親に自殺をさせたのは孫六のせゐだと思つたのかも知,Formal,,0.0,1.0,1.0
甲賀三郎,支倉事件,,Meiji,「日本探偵小説全集1　黒岩涙香　小酒井不木　甲賀三郎集」創元推理文庫、東京創元社,自殺,曲中のハムレット皇子が厭世観に捕われて、自殺せんかと思いつめた時に、厭世観を誘う一つ,General,,0.0,1.0,
海野十三,深夜の市長,,Meiji,「海野十三全集　第3巻　深夜の市長」三一書房,自殺,た。こんな愕きがあるだろうか。ピストルで自殺をした筈の市長は、見たところ何処に繃帯を,Formal,,0.0,1.0,1.0
海野十三,夜泣き鉄骨,,Meiji,「海野十三全集　第2巻　俘囚」三一書房,自殺,ろされたりした。そこへ、突如として、女の自殺を聞いた。それには旦那どのも遽《あわ》て,Formal,,0.0,1.0,1.0
中村地平,霧の蕃社,,Meiji,「〈外地〉の日本語文学選1　南方・南洋／台湾」新宿書房,自殺,ても教育の賜ではないか」 いったい蕃人の自殺といえば、すべて以前は縊死によるものばか,Formal,,0.0,1.0,1.0
海野十三,深夜の市長,,Meiji,「海野十三全集　第3巻　深夜の市長」三一書房,自殺,というんだよ」 「あら、『深夜の市長』が自殺したんですか」 「『深夜の市長』が……。,Formal,,0.0,1.0,1.0
吉本明光編,お蝶夫人,三浦環,Meiji,「三浦環　「お蝶夫人」」人間の記録、日本図書センター,自殺,現しました。第二幕第二場では子供と別れて自殺する日本婦人の貞淑の悲劇を驚嘆するばかり,General,,,,
中村地平,霧の蕃社,,Meiji,「〈外地〉の日本語文学選1　南方・南洋／台湾」新宿書房,自殺,良な性格を知っている同僚たちは、彼が投身自殺をしたことを信じて疑わなかった。花蓮港の,Formal,,0.0,1.0,1.0
野村胡堂,銭形平次捕物控,お藤は解く,Meiji,「銭形平次捕物控（一）平次屠蘇機嫌」嶋中文庫、嶋中書店,自殺,母は万兵衛の罠《わな》に落ちて、とうとう自殺してしまいました」 「…………」 「それ,General,,0.0,1.0,1.0
野村胡堂,錢形平次捕物控,用心棒,Meiji,「錢形平次捕物全集第四卷　からくり屋敷」同光社磯部書房,自殺,す。 四 小夜菊は明らかに自殺しました。自殺の原因は殆んど無く、派手で陽氣で世の中が,General,,,,
野村胡堂,銭形平次捕物控,買った遺書,Meiji,「銭形平次捕物控（一）平次屠蘇機嫌」嶋中文庫、嶋中書店,自殺,した。 「ただ死んだのではあるまい。――自殺したとか、殺されたとか」 娘の着物に目立,General,,0.03,0.97,0.97
夢野久作,山羊髯編輯長,,Meiji,「夢野久作全集4」ちくま文庫、筑摩書房,自殺,輩は思い切って打明けた。 「実は……その自殺未遂で……」 「エッ。自殺……」 この時,Formal,,0.0,1.0,1.0
野村胡堂,銭形平次捕物控,買った遺書,Meiji,「銭形平次捕物控（一）平次屠蘇機嫌」嶋中文庫、嶋中書店,自殺,うでございます」 「なるほど」 それでは自殺するのも無理はない――と平次ならずとも思,General,,0.0,1.0,1.0
坂口安吾,明治開化　安吾捕物,その五　万引家族,Meiji,「坂口安吾全集　10」筑摩書房,自殺,により、甚吉の顔の皮をはぎ、癩病、発狂、自殺と見せて葬り、主人は生きてこの土蔵の中に,General,,,,
江戸川乱歩,探偵小説の「謎」,,Meiji,「新版　探偵小説の「謎」」現代教養文庫、社会思想社,自殺,しめる（三）（ニ）密室における他殺を装う自殺（三）（ホ）密室における自殺を装う他殺（,Formal,,0.0,1.0,1.0
野村胡堂,錢形平次捕物控,矢取娘,Meiji,「錢形平次捕物全集第二十四卷　吹矢の紅」同光社,自殺,》つて刄物を置いて行くかも知れないよ」 自殺に見せる細工は、この場合立派に成り立ちま,Formal,,0.0,1.0,1.0
江戸川乱歩,探偵小説の「謎」,,Meiji,「新版　探偵小説の「謎」」現代教養文庫、社会思想社,自殺,るために非常な苦労をする話。臆病でとても自殺はできない。自分で死ねないとすれば他人に,Formal,,0.0,1.0,1.0
野村胡堂,銭形平次捕物控,凧の糸目,Meiji,「銭形平次捕物控（九）　全十冊」角川文庫、角川書店,自殺,ねら》っていたことだろう。殺して置いて、自殺と見せかけようとした。凧糸で首を絞めただ,Formal,,0.0,1.0,1.0
甲賀三郎,支倉事件,,Meiji,「日本探偵小説全集1　黒岩涙香　小酒井不木　甲賀三郎集」創元推理文庫、東京創元社,自殺,るうちに、一時支倉と同監した男で、支倉が自殺を企てようとした事につき訊問されたのだっ,General,,0.0,1.0,
野村胡堂,銭形平次捕物控,遺書の罪,Meiji,「銭形平次捕物控（十二）狐の嫁入」嶋中文庫、嶋中書店,自殺,甲子太郎の調子はひどく捨鉢ですが、父親が自殺したとは信じていない様子です。 「すると,Formal,,0.0,1.0,1.0
有島武郎,生まれいずる悩み,,Meiji,「小さき者へ・生まれいずる悩み」岩波文庫、岩波書店,自殺,くのだ、その恐ろしい企図《たくらみ》とは自殺する事なのだ。 君の心は妙にしんと底冷え,Formal,,0.0,1.0,1.0
江戸川乱歩,探偵小説の「謎」,,Meiji,「新版　探偵小説の「謎」」現代教養文庫、社会思想社,自殺,る他殺を装う自殺（三）（ホ）密室における自殺を装う他殺（二）（ヘ）密室における人間以,Formal,,0.0,1.0,1.0
尾崎紅葉,金色夜叉,,Meiji,「金色夜叉」新潮文庫、新潮社,自殺,。 「宮、貴様は死……死……死んだのか。自殺を為るさへ可哀《あはれ》なのに、この浅ま,General,,,,
菊池寛,賤ヶ岳合戦,,Meiji,「日本合戦譚」文春文庫、文藝春秋社,自殺,節と云う三尺六寸の太刀で斬死して防ぐ間に自殺した。岩崎山の高山右近は、大岩山陥ると聞,Formal,,0.62,0.38,
芥川龍之介,温泉だより,,Meiji,「芥川龍之介全集6」ちくま文庫、筑摩書房,自殺,い》でしょう。〕おまつどの。」 半之丞の自殺を意外《いがい》に思ったのは「な」の字さ,Formal,,0.0,1.0,1.0
江戸川乱歩,探偵小説の「謎」,,Meiji,「新版　探偵小説の「謎」」現代教養文庫、社会思想社,自殺,の講義の例） （４）］密室内で他殺を装う自殺（Ｆ・Ａ・４）（Ｍ・Ａ・２） ★別項「兇,Formal,,0.0,1.0,1.0
野村胡堂,錢形平次捕物控,傀儡名臣,Meiji,「錢形平次捕物全集第八卷　地獄から來た男」同光社磯部書房,自殺,は、自分の部屋で、梁《はり》に首を吊つて自殺し、用箪笥《ようだんす》の錠前は壞され、,General,,,,
江戸川乱歩,探偵小説の「謎」,,Meiji,「新版　探偵小説の「謎」」現代教養文庫、社会思想社,自殺,蓋内に弾丸さえ残っていた。盗み出したのが自殺者の死体であったことを、うかつにも気づか,Formal,,0.0,1.0,1.0
国枝史郎,名人地獄,,Meiji,「名人地獄」国枝史郎伝奇文庫7、講談社,自殺,も知ることは出来なかった。 「春になると自殺者が多い」平八は憮然として呟いた。 「い,General,,,,
野村胡堂,錢形平次捕物控,矢取娘,Meiji,「錢形平次捕物全集第二十四卷　吹矢の紅」同光社,自殺,た。 「あの通りだ。刄物が手近にあれば、自殺と間違へるところを――隨分搜して見たが刄,Formal,,0.0,1.0,1.0
江戸川乱歩,白髪鬼,,Meiji,「江戸川乱歩全集　第7巻　黄金仮面」光文社文庫、光文社,自殺,しさを察して下さい。絶望の極、神を呪い、自殺さえしようとしたわしだ。苦しみがひどかっ,Formal,,0.0,1.0,1.0
吉本明光編,お蝶夫人,三浦環,Meiji,「三浦環　「お蝶夫人」」人間の記録、日本図書センター,自殺,で、ますます陰気になる。一時は悲観の末、自殺を決心したそうですが、家の者は、私に失恋,General,,0.0,1.0,
海野十三,赤外線男,,Meiji,「海野十三全集　第2巻　俘囚」三一書房,自殺,てじゃありませんか。誰だったんです」 「自殺の原因は何です」 「全然｜素人《しろうと,Formal,,0.0,1.0,1.0
江戸川乱歩,探偵小説の「謎」,,Meiji,「新版　探偵小説の「謎」」現代教養文庫、社会思想社,自殺,、それがわからなかったのである。 （３）自殺ではなくて、被害者自らの手で死に至らしめ,Formal,,0.0,1.0,1.0
織田作之助,土曜夫人,,Taisho,「定本織田作之助全集　第七巻」文泉堂出版,自殺,罪容疑者として収容される前夜、青酸加里で自殺した遠衛公爵の三男坊が憂さばらしか、それ,General,,0.0,1.0,1.0
夢野久作,山羊髯編輯長,,Meiji,「夢野久作全集4」ちくま文庫、筑摩書房,自殺,達巻を巻付けはじめた。 「アハハ。これあ自殺じゃありませんぜ」 「エッ。どうして……,Formal,,0.0,1.0,1.0
甲賀三郎,支倉事件,,Meiji,「日本探偵小説全集1　黒岩涙香　小酒井不木　甲賀三郎集」創元推理文庫、東京創元社,自殺,た。死後経過は六ヵ月乃至一年と見ました。自殺か他殺かと云う事はとても判別出来ませんで,General,,,,
江戸川乱歩,探偵小説の「謎」,,Meiji,「新版　探偵小説の「謎」」現代教養文庫、社会思想社,自殺,手掛りをのこしておいて、他殺と見せかけた自殺をするという手である。このトリックは古く,Formal,,0.0,1.0,1.0
坂口安吾,明治開化　安吾捕物,その五　万引家族,Meiji,「坂口安吾全集　10」筑摩書房,自殺,実は自殺したのであった。その自殺もタダの自殺ではなかった。彼は自分が癩病であることを,General,"два почти идентичных текста про человека, совершившего суицид из-за лепры",,,
野村胡堂,銭形平次捕物控,凧の糸目,Meiji,「銭形平次捕物控（九）　全十冊」角川文庫、角川書店,自殺,い畑地の間の、二軒家に起った、病弱な倅の自殺事件は、ひどく平次の好奇心を刺戟《しげき,Formal,,0.0,1.0,1.0
三木清,語られざる哲学,,Meiji,「語られざる哲学」講談社学術文庫、講談社,自殺,立が不可能なるゆえんを論じて、懐疑主義は自殺である。懐疑主義が主張されるということは,Formal,,0.0,1.0,1.0
江戸川乱歩,探偵小説の「謎」,,Meiji,「新版　探偵小説の「謎」」現代教養文庫、社会思想社,自殺,キッカケは、「自殺」という着想である。「自殺」は殺すものと殺されるものと同一人なのだ,Formal,,0.0,1.0,1.0
海野十三,空中墳墓,,Meiji,「海野十三全集　第1巻　遺言状放送」三一書房,自殺,よ。昨夜《ゆうべ》の容子《ようす》じゃ、自殺するかナ、と思いましたが、今朝の塩梅《あ,Formal,,0.0,1.0,1.0
野村胡堂,銭形平次捕物控,瓢箪供養,Meiji,「銭形平次捕物控（七）平次女難」嶋中文庫、嶋中書店,自殺,事はしません」 これで、瓢々斎佐兵衛が、自殺した後で変な手紙が御用聞のところへ届くよ,Formal,,0.0,1.0,1.0
甲賀三郎,支倉事件,,Meiji,「日本探偵小説全集1　黒岩涙香　小酒井不木　甲賀三郎集」創元推理文庫、東京創元社,自殺,と信用出来ないと思って居りました」 この自殺を企てた事については支倉は先に上願書のう,General,,,,
芥川龍之介,温泉だより,,Meiji,「芥川龍之介全集6」ちくま文庫、筑摩書房,自殺,がわ》りの自殺をしたのです。ではまたなぜ自殺をしたかと言えば、――この説明はわたしの,Formal,,0.0,1.0,1.0
太宰治,右大臣実朝,,Meiji,「太宰治全集第五巻」筑摩書房,自殺,や謀反の噂を立てられ、京の御宿舎に於いて自殺をなさいまして、御次男の善哉さまはそのや,Formal,,,,
江戸川乱歩,探偵小説の「謎」,,Meiji,「新版　探偵小説の「謎」」現代教養文庫、社会思想社,自殺,者のものばかりであった。この事件はむろん自殺として処理された。口中にピストルの先を入,Formal,,0.0,1.0,1.0
岡本綺堂,綺堂むかし語り,,Meiji,「綺堂むかし語り」光文社時代小説文庫、光文社,自殺,じゅすい》するか、山や森へ入り込んで劇薬自殺を企てるたぐいは、旅館に迷惑をあたえる程,General,,0.0,1.0,
甲賀三郎,支倉事件,,Meiji,「日本探偵小説全集1　黒岩涙香　小酒井不木　甲賀三郎集」創元推理文庫、東京創元社,自殺,と信用出来ないと思って居りました」 この自殺を企てた事については支倉は先に上願書のう,Formal,,0.0,1.0,
野村胡堂,錢形平次捕物控,匕首の行方,Meiji,「錢形平次捕物全集第五卷　蝉丸の香爐」同光社磯部書房,自殺,が死骸の側に轉《ころ》がつて居れば、すぐ自殺とわかつてしまひますから、よく馴れた白犬,Formal,,0.0,1.0,
尾崎紅葉,金色夜叉,,Meiji,「金色夜叉」新潮文庫、新潮社,自殺,ひとた》び罪を犯しても、かうして悔悟して自殺を為たのは、実に見上げた精神だ。さうなけ,Formal,Один грех — раскаяние и смерть. ,,,
芥川龍之介,温泉だより,,Meiji,「芥川龍之介全集6」ちくま文庫、筑摩書房,自殺,を残したまま、突然｜風変《ふうがわ》りの自殺をしたのです。ではまたなぜ自殺をしたかと,Formal,,0.0,1.0,1.0
甲賀三郎,支倉事件,,Meiji,「日本探偵小説全集1　黒岩涙香　小酒井不木　甲賀三郎集」創元推理文庫、東京創元社,自殺,られるより一そ一思いに死んで終おうと何度自殺を計ったかも知れない。然しいつでも失敗だ,Formal,,,,
泉鏡花,貧民倶楽部,,Meiji,「泉鏡花集成2」ちくま文庫、筑摩書房,自殺,にて、「いいえ、それはなりません。貴女が自殺をなさればまた一つ新らしい材料が出るから,General,,,,
清水紫琴,したゆく水,,Meiji,「紫琴全集　全一巻」草土文化,自殺,のがある。検死の邪魔にならふか知らぬが、自殺他殺も知らいでは、深井様へのいひわけが、,Formal,,0.0,1.0,
野村胡堂,銭形平次捕物控,買った遺書,Meiji,「銭形平次捕物控（一）平次屠蘇機嫌」嶋中文庫、嶋中書店,自殺,《ひきず》られて、いつの間にやら、五兵衛自殺説を翻《ひるがえ》したのでしょう。 「私,Formal,,0.0,1.0,1.0
芥川龍之介,温泉だより,,Meiji,「芥川龍之介全集6」ちくま文庫、筑摩書房,自殺,が口から出て行っただ」と言ったそうです。自殺と言うことはこの時にもう半之丞の肚《はら,Formal,,0.0,1.0,1.0
坂口安吾,明治開化　安吾捕物,その五　万引家族,Meiji,「坂口安吾全集　10」筑摩書房,自殺,なかったのである。ついに彼は、発狂して、自殺した。しかも、その自殺の悲惨なること。彼,General,"употребляется вместе с ""сошёл с ума и убил себя""",,,
坂口安吾,明治開化　安吾捕物,その五　万引家族,Meiji,「坂口安吾全集　10」筑摩書房,自殺,密があったのだ。言うまでもなく浅虫権六は自殺ではなかろう。殺されているのさ。下手人は,Formal,,0.0,1.0,
甲賀三郎,支倉事件,,Meiji,「日本探偵小説全集1　黒岩涙香　小酒井不木　甲賀三郎集」創元推理文庫、東京創元社,自殺,自殺して知らないのなら格別、自分の面前で自殺を企てられて黙っている訳に行かないと答え,Formal,,,,
甲賀三郎,支倉事件,,Meiji,「日本探偵小説全集1　黒岩涙香　小酒井不木　甲賀三郎集」創元推理文庫、東京創元社,自殺,ますが、その当時は自分の犯罪を自白せずに自殺しようと思い、石を呑んだり硝子を呑んだり,Formal,,,,
坂口安吾,青春論,,Meiji,「坂口安吾全集14」ちくま文庫、筑摩書房,自殺,ふるさとの沼へ身を投げて死んでいた。この自殺の知らせが来たときも、関節炎の娘は全然驚,Formal,,0.0,1.0,
坂口安吾,明治開化　安吾捕物,その五　万引家族,Meiji,「坂口安吾全集　10」筑摩書房,自殺,。 浅虫の先代は癩病を苦にやんで発狂して自殺した。それを普通の病死と称して世間をごま,General,,,,
海野十三,国際殺人団の崩壊,,Meiji,「海野十三全集　第1巻　遺言状放送」三一書房,自殺,の行く道は自殺があるばかりです。某博士の自殺、某公使の自殺、某中佐の自殺、それ等、原,Formal,,0.0,1.0,1.0
浅野和三郎,霊界通信　小桜姫物語,,Meiji,「霊界通信　小桜姫物語」潮文社,自殺,》にいそしんで居《お》ります。 三十三、自殺した美女 今度《こんど》は入《い》れ代《,Formal,,0.0,1.0,
野村胡堂,銭形平次捕物控,遺書の罪,Meiji,「銭形平次捕物控（十二）狐の嫁入」嶋中文庫、嶋中書店,自殺,った赤い扱帯を出して首に巻き、もういちど自殺に拵《こしら》えた。世間も検屍もそれで済,Formal,,0.0,1.0,1.0
甲賀三郎,支倉事件,,Meiji,「日本探偵小説全集1　黒岩涙香　小酒井不木　甲賀三郎集」創元推理文庫、東京創元社,自殺,自殺して知らないのなら格別、自分の面前で自殺を企てられて黙っている訳に行かないと答え,Formal,,0.62,0.38,
直木三十五,南国太平記,,Meiji,「直木三十五作品集」文藝春秋,自殺,ばぬ腕だと、知ると、一太刀も斬らないで、自殺しなくてはならぬ口惜しさに、脣も、身体も,Formal,"самоубийство по причине ""меч слишком слаб""",,,
小川未明,アパートで聞いた話,,Meiji,「定本小川未明童話全集　14」講談社,自殺,。それで、破滅《はめつ》をいそぐような、自殺《じさつ》をしたり、戦争《せんそう》を起,General,,0.0,1.0,1.0
倉田百三,俊寛,,Meiji,「出家とその弟子　他一編」旺文社文庫、旺文社,自殺,康頼　侮辱《ぶじょく》されながら、しかも自殺できないほどの苛責《かしゃく》がありまし,Formal,,0.63,0.37,
甲賀三郎,支倉事件,,Meiji,「日本探偵小説全集1　黒岩涙香　小酒井不木　甲賀三郎集」創元推理文庫、東京創元社,自殺,。私はそれは困る、自分の寝ている時にでも自殺して知らないのなら格別、自分の面前で自殺,Formal,,,,
海野十三,夜泣き鉄骨,,Meiji,「海野十三全集　第2巻　俘囚」三一書房,自殺,》したのだ。情婦は、思い余《あま》って、自殺の意を決し、自分の働いている工場の熔融炉,Formal,,0.0,1.0,1.0
尾崎紅葉,金色夜叉,,Meiji,「金色夜叉」新潮文庫、新潮社,自殺,ひとた》び罪を犯しても、かうして悔悟して自殺を為たのは、実に見上げた精神だ。さうなけ,Formal,,0.65,0.35,
清水紫琴,したゆく水,,Meiji,「紫琴全集　全一巻」草土文化,自殺,ぐつと突込んだ、剃刀はお園がもの。これが自殺でなからふかと。まだここのみは、明けやら,Formal,,0.0,1.0,
甲賀三郎,支倉事件,,Meiji,「日本探偵小説全集1　黒岩涙香　小酒井不木　甲賀三郎集」創元推理文庫、東京創元社,自殺,体は他殺ちゅう事になっとるのか、それとも自殺となっとるのかね」 「自殺と云う事になっ,General,,,,
尾佐竹猛校訂,大岡政談,,Meiji,「大岡政談」帝國文庫、博文館,自殺,々顏を見合て然《しから》ば今宵の内に皆々自殺なさんと云ば伊賀亮｜推止《おしとゞ》め未,General,,,,
太宰治,右大臣実朝,,Meiji,「太宰治全集第五巻」筑摩書房,自殺,京の家人等、件の旅亭を襲ふの処、禅師忽ち自殺す、伴党又逃亡すと云々。 同年。十二月大,General,,,,
太宰治,右大臣実朝,,Meiji,「太宰治全集第五巻」筑摩書房,自殺,横山右馬允時兼等は、坂東山償原別所に於て自殺すと云々、時兼は横山権守時広の嫡男なり、,Formal,,0.0,1.0,
野村胡堂,錢形平次捕物控,お秀の父,Meiji,「錢形平次捕物全集第二十三卷　刑場の花嫁」同光社,自殺,怨《うらみ》が言ひ度かつた。拙者の父上は自殺して相果てたが、同じ役目の鞍掛宇八郎は、,Formal,,0.0,1.0,1.0
甲賀三郎,支倉事件,,Meiji,「日本探偵小説全集1　黒岩涙香　小酒井不木　甲賀三郎集」創元推理文庫、東京創元社,自殺,て六ヵ月目に浮き上って、何者とも知れない自殺死体となって埋葬せられ、それから三年目の,General,,,,
泉鏡太郎,二た面,,Meiji,「鏡花全集　巻十五」岩波書店,自殺,きやう》の音信《いんしん》を聞《き》いて自殺《じさつ》した嫂《あによめ》のお春《はる,General,,0.0,1.0,1.0
岡本綺堂,半七捕物帳,むらさき鯉,Meiji,「時代推理小説　半七捕物帳（四）」光文社文庫、光文社,自殺,げたものであろうとは想像されたが、たとい自殺にしても一応はその仔細を吟味しなければな,Formal,,0.0,1.0,1.0
菊池寛,賤ヶ岳合戦,,Meiji,「日本合戦譚」文春文庫、文藝春秋社,自殺,節と云う三尺六寸の太刀で斬死して防ぐ間に自殺した。岩崎山の高山右近は、大岩山陥ると聞,Formal,,,,
林不忘,釘抜藤吉捕物覚書,のの字の刀痕,Meiji,「一人三人全集1時代捕物釘抜藤吉捕物覚書」河出書房新社,自殺,じょう》に戸締りがしてあった。それでまず自殺ということに三吉始め立会人一同の意見が一,Formal,,0.0,1.0,
坂口安吾,明治開化　安吾捕物,その五　万引家族,Meiji,「坂口安吾全集　10」筑摩書房,自殺,に彼は、発狂して、自殺した。しかも、その自殺の悲惨なること。彼は自ら刃物をふるって、,Formal,,0.0,1.0,
坂口安吾,明治開化　安吾捕物,その五　万引家族,Meiji,「坂口安吾全集　10」筑摩書房,自殺,した思いであった。亡父権六の癩病、発狂、自殺、という事実を知っているのは花田だけなの,General,"все предыдущие 5 строк относятся к 1 произведению, меняю на general т.к суицид отсылает на сумасшествие",,,
徳永直,光をかかぐる人々,,Meiji,「光をかかぐる人々」河出書房,自殺,號事件への世評は意外の反響をよび、崋山が自殺した翌年「打拂改正令」は出されたが、それ,General,,,,
江戸川乱歩,白髪鬼,,Meiji,「江戸川乱歩全集　第7巻　黄金仮面」光文社文庫、光文社,自殺,さる苦しみに耐え得なかったのだ。 では、自殺をすればよいではないか。 事実、わしは自,Formal,,0.0,1.0,1.0
尾崎紅葉,金色夜叉,,Meiji,「金色夜叉」新潮文庫、新潮社,自殺,る、人でなくさへあれば、何も要らんのだ。自殺して命を捨てるのは、一《いつ》の罪悪だと,Formal,,0.58,0.42,
甲賀三郎,支倉事件,,Meiji,「日本探偵小説全集1　黒岩涙香　小酒井不木　甲賀三郎集」創元推理文庫、東京創元社,自殺,理を延ばしていよう。もし事がならなければ自殺する許りだと云う意味らしく、彼は事実気狂,Formal,,,,
坂口安吾,明治開化　安吾捕物,その五　万引家族,Meiji,「坂口安吾全集　10」筑摩書房,自殺,たのである。そして、腹を一文字にさいて、自殺した。 咲子は一也の話をにわかに信用する,General,,0.0,1.0,
海野十三,麻雀殺人事件,,Meiji,「海野十三全集　第1巻　遺言状放送」三一書房,自殺,事切れている――どうやら中毒死のようだ。自殺か、他殺か。……」 流石《さすが》に彼は,Formal,,0.0,1.0,1.0
甲賀三郎,支倉事件,,Meiji,「日本探偵小説全集1　黒岩涙香　小酒井不木　甲賀三郎集」創元推理文庫、東京創元社,自殺,裁判所からの照会は支倉の第三回訊問後彼の自殺を企てようとした事件の為参考人銀之助を取,General,,,,
甲賀三郎,支倉事件,,Meiji,「日本探偵小説全集1　黒岩涙香　小酒井不木　甲賀三郎集」創元推理文庫、東京創元社,自殺,がら、 「それで何だろう、その娘が覚悟の自殺をしたかも知れんと云う事実はないのだろう,General,,,,
甲賀三郎,支倉事件,,Meiji,「日本探偵小説全集1　黒岩涙香　小酒井不木　甲賀三郎集」創元推理文庫、東京創元社,自殺,理を延ばしていよう。もし事がならなければ自殺する許りだと云う意味らしく、彼は事実気狂,Formal,,0.63,0.37,
野村胡堂,銭形平次捕物控,買った遺書,Meiji,「銭形平次捕物控（一）平次屠蘇機嫌」嶋中文庫、嶋中書店,自殺,うでございます」 「なるほど」 それでは自殺するのも無理はない――と平次ならずとも思,General,,0.0,1.0,1.0
徳永直,光をかかぐる人々,,Meiji,「光をかかぐる人々」河出書房,自殺,いふことを知つた。天保十二年に渡邊崋山が自殺し、嘉永三年に高野長英が自刄してから以來,General,,,,
甲賀三郎,支倉事件,,Meiji,「日本探偵小説全集1　黒岩涙香　小酒井不木　甲賀三郎集」創元推理文庫、東京創元社,自殺,われ、支倉が遂に第二審の判決を受けずして自殺した事は後世に幾多の疑問を残した。筆者は,General,,,,
甲賀三郎,支倉事件,,Meiji,「日本探偵小説全集1　黒岩涙香　小酒井不木　甲賀三郎集」創元推理文庫、東京創元社,自殺,体は他殺ちゅう事になっとるのか、それとも自殺となっとるのかね」 「自殺と云う事になっ,Formal,,0.0,1.0,
坂口安吾,不連続殺人事件,,Meiji,「坂口安吾全集11」ちくま文庫、筑摩書房,自殺,たよ。今となっては、もはや、仕方がない。自殺は、これ、犯人の、また、ひとつの告白なり,General,,0.0,1.0,1.0
尾佐竹猛校訂,大岡政談,,Meiji,「大岡政談」帝國文庫、博文館,自殺,し我が身一人ならば此處《このところ》にて自殺《じさつ》をも爲べけれども母を連《つれ》,General,Freak? ,,,
泉鏡花,貧民倶楽部,,Meiji,「泉鏡花集成2」ちくま文庫、筑摩書房,自殺,《おもしろ》い。深川綾子はこういう次第で自殺をしたと、その理由《わけ》を書添えて、早,General,,,,
尾崎紅葉,金色夜叉,,Meiji,「金色夜叉」新潮文庫、新潮社,自殺,、思迫《おもひつ》めたなあ！ 宮、貴様は自殺を為た上身を投げたのは、一つの死では慊《,Formal,,0.0,1.0,
甲賀三郎,支倉事件,,Meiji,「日本探偵小説全集1　黒岩涙香　小酒井不木　甲賀三郎集」創元推理文庫、東京創元社,自殺,。私はそれは困る、自分の寝ている時にでも自殺して知らないのなら格別、自分の面前で自殺,Formal,,0.58,0.42,
武田麟太郎,日本三文オペラ,,Meiji,「現代文学大系　44　武田麟太郎・島木健作・織田作之助集」筑摩書房,自殺,、彼は冗談のやうに云ふのである。 「俺が自殺したら、何段抜きで取扱ふかね」 それから,Formal,,0.0,1.0,1.0
坂口安吾,明治開化　安吾捕物,その五　万引家族,Meiji,「坂口安吾全集　10」筑摩書房,自殺,実は自殺したのであった。その自殺もタダの自殺ではなかった。彼は自分が癩病であることを,General,,0.0,1.0,
野村胡堂,錢形平次捕物控,匕首の行方,Meiji,「錢形平次捕物全集第五卷　蝉丸の香爐」同光社磯部書房,自殺,が死骸の側に轉《ころ》がつて居れば、すぐ自殺とわかつてしまひますから、よく馴れた白犬,General,,,,
太宰治,右大臣実朝,,Meiji,「太宰治全集第五巻」筑摩書房,自殺,や謀反の噂を立てられ、京の御宿舎に於いて自殺をなさいまして、御次男の善哉さまはそのや,Formal,,0.64,0.36,
芥川龍之介,長崎小品,,Meiji,「芥川龍之介作品集第三巻」昭和出版社,自殺,てはいけない。ふだん云つて聞かせる通り、自殺などをしたものは波群葦増《はらゐそ》の門,Formal,,0.0,1.0,1.0
菊池寛,俊寛,,Meiji,「菊池寛　短編と戯曲」文芸春秋,自殺,のないものだとは思われなくなった。彼は、自殺しようとした自分の心のあさはかさを恥じた,Formal,,0.0,1.0,1.0
野村胡堂,錢形平次捕物控,匕首の行方,Meiji,「錢形平次捕物全集第五卷　蝉丸の香爐」同光社磯部書房,自殺,だのは自殺、喜三郎の死んだのも果報負けの自殺」 「お葉が首を吊《つ》つたのは？」 「,Formal,,0.67,0.33,
国枝史郎,あさひの鎧,,Meiji,「あさひの鎧（上）」国枝史郎伝奇文庫、講談社,自殺,即座に死ぬ即座に死ぬ！） しかしこのまま自殺したならば、あの世において頼兼や国長に、,Formal,,0.58,0.42,
国枝史郎,蔦葛木曽棧,,Meiji,「蔦葛木曽棧【上】」大衆文学館、講談社,自殺,られて彼はすっかり途方にくれた。もちろん自殺しようなどとは彼は夢にも思わなかった。し,General,,0.0,1.0,
岡本綺堂,青蛙堂鬼談,,Meiji,「影を踏まれた女　岡本綺堂怪談集」光文社時代小説文庫、光文社,自殺,し、その次に来た松沢という人が株の失敗で自殺したのは事実でございます。 わたくしも二,Formal,,0.0,1.0,1.0
野村胡堂,錢形平次捕物控,買つた遺書,Meiji,「錢形平次捕物全集第五卷　蝉丸の香爐」同光社磯部書房,自殺,のだ相でございます」 「成程」 それでは自殺するのも無理はない――と平次ならずとも思,General,,,,
岡本綺堂,半七捕物帳,唐人飴,Meiji,「時代推理小説　半七捕物帳（五）」光文社文庫、光文社,自殺,に傷を負わせ、自分も咽喉《のど》を突いて自殺するという大活劇を演じたので、近所の者は,Formal,,0.0,1.0,1.0
坂口安吾,明治開化　安吾捕物,その五　万引家族,Meiji,「坂口安吾全集　10」筑摩書房,自殺,、ゆすっていたのは当然ですとも。旦那様は自殺ではありませんね。誰かが殺したのです」 ,General,"один большой текст про тайну лепры, сумасшествия и суицида, друг за другом идут две идентичные книги, почти повторы",,,
海野十三,蠅男,,Meiji,「海野十三全集　第2巻　俘囚」三一書房,自殺,うに猛《たけ》き帆村だったけれど、蠅男の自殺を目のあたりに見た途端《とたん》、激しい,Formal,,0.0,1.0,1.0
甲賀三郎,支倉事件,,Meiji,「日本探偵小説全集1　黒岩涙香　小酒井不木　甲賀三郎集」創元推理文庫、東京創元社,自殺,て六ヵ月目に浮き上って、何者とも知れない自殺死体となって埋葬せられ、それから三年目の,General,,0.0,1.0,
甲賀三郎,支倉事件,,Meiji,「日本探偵小説全集1　黒岩涙香　小酒井不木　甲賀三郎集」創元推理文庫、東京創元社,自殺,が何故忌避の結果の判明するのを待たずして自殺したか。それは永久に残る疑問であるけれど,General,,0.0,1.0,
国枝史郎,蔦葛木曽棧,,Meiji,「蔦葛木曽棧【上】」大衆文学館、講談社,自殺,袂《たもと》を取られ鎌をつきつけられ妹に自殺を勧められて彼はすっかり途方にくれた。も,Formal,,0.0,1.0,
太宰治,如是我聞,,Meiji,「もの思う葦」新潮文庫、新潮社,自殺,れども、この雛段のままでは、私たちには、自殺以外にないように実感として言えるように思,Formal,,0.0,1.0,1.0
海野十三,地底戦車の怪人,,Meiji,「海野十三全集　第6巻　太平洋魔城」三一書房,自殺,うである。誰が一歩前に出るものか、それは自殺するようなものだから……。 「よし、わか,General,,0.0,1.0,1.0
三上於菟吉,雪之丞変化,,Meiji,底本『大衆文学大系12』一九七二年三月　講談社刊,自殺,は、三斎が、ふくみ状に、一切の罪をわびて自殺し、公方の哀憐《あいれん》を求めれば、或,Formal,,0.58,0.42,
岸田國士,泉,,Meiji,「岸田國士全集14」岩波書店,自殺,働力を提供することは、われわれ農村青年の自殺的行為だでな」 五 小峯喬が半分は黒岩万,General,,,,
徳永直,光をかかぐる人々,,Meiji,「光をかかぐる人々」河出書房,自殺,なつて崋山は天保十二年、昌造十七歳のとき自殺し、長英は昌造が二十七歳、嘉永三年に自刄,General,,,,
野村胡堂,銭形平次捕物控,買った遺書,Meiji,「銭形平次捕物控（一）平次屠蘇機嫌」嶋中文庫、嶋中書店,自殺,した。 「ただ死んだのではあるまい。――自殺したとか、殺されたとか」 娘の着物に目立,General,,0.03,0.97,0.97
野村胡堂,錢形平次捕物控,匕首の行方,Meiji,「錢形平次捕物全集第五卷　蝉丸の香爐」同光社磯部書房,自殺,も氣が附かなかつたのさ、柳吉の死んだのは自殺、喜三郎の死んだのも果報負けの自殺」 「,General,,,,
岡本綺堂,経帷子の秘密,,Meiji,「鷲」光文社文庫、光文社,自殺,ばあ》さんに当る人が、子供を生むと同時に自殺したので、井戸屋の家にまつわる一種の呪い,General,,,,
岡本綺堂,綺堂むかし語り,,Meiji,「綺堂むかし語り」光文社時代小説文庫、光文社,自殺,刺して仆《たお》れるのである。動物にして自殺するのは、恐らく蝎のほかにあるまい。蝎も,Formal,,0.62,0.38,
野村胡堂,錢形平次捕物控,凧糸の謎,Meiji,「錢形平次捕物全集第一卷　恋をせぬ女」同光社磯部書房,自殺,のお妻さんには、自分を親類へ泊りにやつて自殺した、御隱居八郎兵衞さんの氣持はよく判つ,General,,0.0,1.0,
夢野久作,山羊髯編輯長,,Meiji,「夢野久作全集4」ちくま文庫、筑摩書房,自殺,は「自殺を企てた安島二郎氏の愛妾」「その自殺を知らずに本邸から迎えに来た、二郎夫人の,Formal,,0.0,1.0,1.0
徳永直,光をかかぐる人々,,Meiji,「光をかかぐる人々」河出書房,自殺,なつて崋山は天保十二年、昌造十七歳のとき自殺し、長英は昌造が二十七歳、嘉永三年に自刄,Formal,,0.0,1.0,
岡本綺堂,半七捕物帳,筆屋の娘,Meiji,「時代推理小説　半七捕物帳（二）」光文社文庫、光文社,自殺,を自分で飲んだのか、人に飲まされたのか、自殺か毒殺かは容易に判らなかった。検視が済ん,Formal,,0.0,1.0,1.0
岸田國士,泉,,Meiji,「岸田國士全集14」岩波書店,自殺,」 「いゝえ、僕はね、実をいふと、伯爵の自殺そのものには大して興味はないんです。それ,General,,,,
浅野和三郎,霊界通信　小桜姫物語,,Meiji,「霊界通信　小桜姫物語」潮文社,自殺,》にいそしんで居《お》ります。 三十三、自殺した美女 今度《こんど》は入《い》れ代《,General,,,,
甲賀三郎,支倉事件,,Meiji,「日本探偵小説全集1　黒岩涙香　小酒井不木　甲賀三郎集」創元推理文庫、東京創元社,自殺,体は九分通り小林貞の屍体に相違なかった。自殺か他殺か其点は未だはっきりしないが、屍体,General,,0.0,1.0,
甲賀三郎,支倉事件,,Meiji,「日本探偵小説全集1　黒岩涙香　小酒井不木　甲賀三郎集」創元推理文庫、東京創元社,自殺,た。 「死後六ヵ月の溺死体とすると容易に自殺他殺の区別を断言する事は出来ませんね」 ,General,,0.0,1.0,
国枝史郎,八ヶ嶽の魔神,,Meiji,「八ヶ嶽の魔神」大衆文学館、講談社,自殺,かれなかった。そうしてついに誰一人として自殺の原因を知るものがなかった。 わずかにそ,Formal,,0.0,1.0,
中里介山,大菩薩峠,慢心和尚の巻,Meiji,「大菩薩峠4」ちくま文庫、筑摩書房,自殺,たことかと得意満面でありました。まもなく自殺は嘘で、心中だ！　という噂も立ちました。,Formal,,0.0,1.0,1.0
坂口安吾,明治開化　安吾捕物,その十　冷笑鬼,Meiji,「坂口安吾全集　10」筑摩書房,自殺,武田信玄が自然死であるか、他殺であるか、自殺であるか、その犯人でもさがした方がマシな,General,,,,
海野十三,夜泣き鉄骨,,Meiji,「海野十三全集　第2巻　俘囚」三一書房,自殺,言葉もなかった。 「おせいさんは、覚悟の自殺を、やったらしいですよ。どうした訳か判り,Formal,,0.0,1.0,1.0
岡本綺堂,経帷子の秘密,,Meiji,「鷲」光文社文庫、光文社,自殺,ばあ》さんに当る人が、子供を生むと同時に自殺したので、井戸屋の家にまつわる一種の呪い,General,,0.0,1.0,
野村胡堂,銭形平次捕物控,和蘭カルタ,Meiji,「銭形平次捕物控（六）結納の行方」嶋中文庫、嶋中書店,自殺,を止《よ》して、子供三人の良い父になり、自殺したお春の家族には、存分な手当をしてやり,General,,0.0,1.0,1.0
尾佐竹猛校訂,大岡政談,,Meiji,「大岡政談」帝國文庫、博文館,自殺,》せ掛《かけ》我も其場で潔《いさぎ》よく自殺を爲《なし》て怨《うら》みを晴《はらさ》,Formal,Избавление от вины/обиды суицидом. ,,,
夢野久作,山羊髯編輯長,,Meiji,「夢野久作全集4」ちくま文庫、筑摩書房,自殺,テ。困ったな。相手の旦那を見付けて「彼女自殺の感想談」を一席弁じさせなくちゃ、記事に,Formal,,0.0,1.0,1.0
小栗虫太郎,黒死館殺人事件,,Meiji,「黒死館殺人事件」現代教養文庫、社会思想社,自殺,郎夫妻を住わせたのだが、その後の博士は、自殺するまでの四十余年をほとんど無風のうちに,Formal,,0.0,1.0,1.0
尾佐竹猛校訂,大岡政談,,Meiji,「大岡政談」帝國文庫、博文館,自殺,捨《すて》て遁しこそ遺恨《ゐこん》なれと自殺して死《し》せしとぞ又瀬川は年頃｜云交《,Formal,,0.64,0.36,
岡本綺堂,半七捕物帳,白蝶怪,Meiji,「時代推理小説　半七捕物帳（六）」光文社文庫、光文社,自殺,。表向きは急病と云うのであるが、その死の自殺であることは後に判った。 お近という女の,Formal,,0.0,1.0,1.0
岡本綺堂,半七捕物帳,奥女中,Meiji,「時代推理小説　半七捕物帳（一）」光文社文庫、光文社,自害,首尾よく相勤めませねば、わたくし此の場で自害でもいたさねば相成りませぬ」 彼女は更に,Formal,Formal,,,
シェークスピヤ　William Shakespeare,ロミオとヂュリエット,ROMEO AND JULIET,Pre-Meiji,「ロミオとヂュリエット　新修シェークスピヤ全集　第二十五卷」中央公論社,自害,續《つゞ》いて參《まゐ》りもせず、やがて自害《じがい》を致《いた》したと相見《あひみ,General,,0.0,1.0,1.0
中里介山,大菩薩峠,慢心和尚の巻,Meiji,「大菩薩峠4」ちくま文庫、筑摩書房,自害,れて、本陣とやらへ行かねばならぬ場合には自害する、いっそ、こうなっては、その前にここ,Formal,,0.0,1.0,
野村胡堂,錢形平次捕物控,蹄の跡,Meiji,「錢形平次捕物全集第二十五卷　火の呪ひ」同光社,自害,、二尺五六寸もある刀で胸を突き貫かれて、自害にされてしまつちや、當人が浮ばれません。,Formal,,0.0,1.0,1.0
野村胡堂,錢形平次捕物控,凧糸の謎,Meiji,「錢形平次捕物全集第一卷　恋をせぬ女」同光社磯部書房,自害,いから、兩親に疑ひのかゝるのを心配して、自害に見せる積りで、あんな細工をしたのだらう,General,,,,
国枝史郎,あさひの鎧,,Meiji,「あさひの鎧（上）」国枝史郎伝奇文庫、講談社,自害,怨みを泉下《せんか》に報ぜんために、只今自害するありさま見置きて、汝らが武運忽ちに尽,Formal,,0.58,0.42,
折口信夫,草双紙と講釈の世界,,Meiji,「折口信夫全集　22」中央公論社,自害,れて、五郎蔵切腹の後、尺八を吹きおなじく自害した杜鵑花《サツキ》――皐月――が、胡弓,Formal,Брат за брата? Ещё и на дудке сыграл.,,,
島崎藤村,夜明け前,第一部上,Meiji,「夜明け前　第一部（上）」岩波文庫、岩波書店,自害,敗られて、一族共に法華堂《ほっけどう》で自害した三浦｜若狭守泰村《わかさのかみやすむ,Formal,,0.65,0.35,
野村胡堂,錢形平次捕物控,歎きの菩薩,Meiji,「錢形平次捕物全集第十卷　八五郎の恋」同光社磯部書房,自害,ひなげ》を喰はされたやうなものです。 「自害ぢやあるまいね」 「鑿《のみ》で背後《う,General,,,,
野村胡堂,錢形平次捕物控,城の繪圖面,Meiji,「錢形平次捕物全集第九卷　幻の民五郎」同光社磯部書房,自害,ふ娘は、思ひの外の智慧者さ。でも藤兵衞が自害したので、すつかり顛倒《てんだう》して居,General,,,,
野村胡堂,銭形平次捕物控,くるい咲き,Meiji,「銭形平次捕物控（四）城の絵図面」嶋中文庫、嶋中書店,自害,調子でこう言いました。 「なアに、自害が自害と解りさえすりゃアそれでいいのさ。人殺し,Formal,,0.0,1.0,1.0
中里介山,法然行伝,,Meiji,「中里介山全集第十五巻」筑摩書房,自害,うことは信じ難い程不思議のことであった。自害往生、焼身往生、入水《じゅすい》往生、断,General,,,,
野村胡堂,錢形平次捕物控,買つた遺書,Meiji,「錢形平次捕物全集第五卷　蝉丸の香爐」同光社磯部書房,自害,位ぢや變らないのが本當だ。萬七親分、この自害は少し臭いぜ」 平次はそつと囁き加減に言,Formal,,0.0,1.0,
野村胡堂,錢形平次捕物控,邪戀の償ひ,Meiji,「錢形平次捕物全集第二十七卷　猿蟹合戰」同光社,自害,閉めきつた離屋で死んでゐるんだから、一應自害のやうには見えますがね、人間は脇差を自分,Formal,,0.0,1.0,1.0
野村胡堂,錢形平次捕物控,お此お糸,Meiji,「錢形平次捕物全集第十七卷　權八の罪」同光社磯部書房,自害,落付いたものですね」 「寅藏の死んだのが自害《じがい》なら、側に毒を入れた椀なり紙な,General,,,,
坂口安吾,明治開化　安吾捕物,その九　覆面屋敷,Meiji,「坂口安吾全集　10」筑摩書房,自害,風守が不治の病気であるために、その生母が自害したというではないか。それに、あの怖しい,Formal,суицид из-за неизлечимого заболевания,,,
芥川龍之介,六の宮の姫君,,Meiji,「現代日本文学大系　43　芥川龍之介集」筑摩書房,自害,を見た。大男は唯「年は八歳、命《めい》は自害」と云ひ捨てたなり、忽《たちま》ち何処《,Formal,смешаный контекст,,,
野村胡堂,錢形平次捕物控,遺書の罪,Meiji,「錢形平次捕物全集第二十卷　狐の嫁入」同光社磯部書房,自害,。 「宗方善五郎は昨夕死んださうだ、――自害《じがい》したといつたな、平次殿」 杉之,General,,0.01,0.99,0.99
野村胡堂,銭形平次捕物控,尼が紅,Meiji,「銭形平次捕物控（九）　全十冊」角川文庫、角川書店,自害,まだあるよ、――暗闇の中で、長襦袢を着て自害する者はあるまいが、――蝋燭《ろうそく》,Formal,,0.0,1.0,1.0
野村胡堂,錢形平次捕物控,用心棒,Meiji,「錢形平次捕物全集第四卷　からくり屋敷」同光社磯部書房,自害,には殺し手が多勢あることを見せて置けば、自害でないとわかつても、順八へは疑が來ないと,General,,,,
中里介山,大菩薩峠,慢心和尚の巻,Meiji,「大菩薩峠4」ちくま文庫、筑摩書房,自害,《あ》ってしまったという二説であります。自害説よりは、お手討説の方が有力でありました,General,,0.0,1.0,
菊池寛,藤十郎の恋,,Meiji,「菊池寛　短篇と戯曲」文芸春秋,自害,同じく不思議そうに）女の自害！　はて女の自害！ 藤十郎　（思い当ることあるごとく、や,General,,,,
野村胡堂,錢形平次捕物控,風呂場の祕密,Meiji,「錢形平次捕物全集第三十卷　色若衆」同光社,自害,だつたさうで」 「取逆上《とりのぼせ》て自害するといふこともありさうだぜ」 「それも,Formal,,0.0,1.0,1.0
野村胡堂,錢形平次捕物控,第廿七吉,Meiji,「錢形平次捕物全集第十七卷　權八の罪」同光社磯部書房,自害,切れない顏を平次にブチまけるのです。 「自害なものか、立派な下手人《げしゆにん》があ,General,,,,
野村胡堂,錢形平次捕物控,釣針の鯉,Meiji,「錢形平次捕物全集第三卷　五月人形」同光社磯部書房,自害,へエ」 「内儀は毒で死んだ。どうかしたら自害かも知れないが、昨夜お前さんの留守中に殺,General,,,,
菊池寛,藤十郎の恋,,Meiji,「菊池寛　短篇と戯曲」文芸春秋,自害,とす。急に、楽屋が騒ぎ出す。「自害じゃ。自害じゃ。女の自害じゃ」と道具方や下回りの役,General,Дубликат.,,,
野村胡堂,銭形平次捕物控,遺書の罪,Meiji,「銭形平次捕物控（十二）狐の嫁入」嶋中文庫、嶋中書店,自害,が顫《ふる》えるから、武家の出でも刃物の自害は覚束《おぼつか》ない。そこで下女のお元,Formal,,0.0,1.0,1.0
中里介山,大菩薩峠,道庵と鰡八の巻,Meiji,「大菩薩峠5」ちくま文庫、筑摩書房,自害,、この短刀をお返し申す故、この場で改めて自害をなさい、兵馬が介錯《かいしゃく》をして,Formal,,0.58,0.42,
岡本綺堂,半七捕物帳,白蝶怪,Meiji,「時代推理小説　半七捕物帳（六）」光文社文庫、光文社,自害,度の一件だ。養子は家出する、家付きの娘は自害する。それではどうにも仕様があるまい」 ,Formal,,0.0,1.0,1.0
坂口安吾,明治開化　安吾捕物,その五　万引家族,Meiji,「坂口安吾全集　10」筑摩書房,自害,て身ごもったのでございます。一夜キク子が自害して果てようとするのを、かねて私が怪しん,Formal,,0.62,0.38,
菊池寛,厳島合戦,,Meiji,「日本合戦譚」文春文庫、文藝春秋社,自害,江浦にて小川伝いに山中に入り、其辺りにて自害したと言われている。 伊加賀民部、山崎｜,Formal,,0.61,0.39,
尾佐竹猛校訂,大岡政談,,Meiji,「大岡政談」帝國文庫、博文館,自害,此度の一件申｜譯《わけ》なくは我主家の爲自害致さんにより其時は汝等必ず歎《なげ》くべ,Formal,Умру за господина.,,,
江戸川乱歩,白髪鬼,,Meiji,「江戸川乱歩全集　第7巻　黄金仮面」光文社文庫、光文社,自害,だし男をはねつけて、夫に殉《じゅん》じて自害したというのは、何と見上げた心持であろう,Formal,,0.0,1.0,1.0
野村胡堂,錢形平次捕物控,蹄の跡,Meiji,「錢形平次捕物全集第二十五卷　火の呪ひ」同光社,自害,をさへ加へるのでした。 「こんな長い物で自害をしたと仰しやるので？」 平次は作内のと,Formal,,0.0,1.0,1.0
尾崎士郎訳,現代語訳　平家物語,第四巻,Meiji,「現代語訳　平家物語（上）」岩波現代文庫、岩波書店,自害,の傷手を負うと平等院の釣殿《つりどの》で自害した。その首を打った下河辺藤三郎清親は、,Formal,,0.0,1.0,1.0
国枝史郎,赤格子九郎右衛門の娘,,Meiji,「国枝史郎伝奇全集　巻六」未知谷,自害,と致しましたる所、さすが女の心弱く、急に自害致しましたれば止むなく拙者首打ってござる,Formal,интересный контекст,,,
国枝史郎,あさひの鎧,,Meiji,「あさひの鎧（上）」国枝史郎伝奇文庫、講談社,自害,つき、この城保ちがたしとご覚悟なされ、ご自害あそばされましてござります。首級《おしる,Formal,,,,
坂口安吾,明治開化　安吾捕物,その九　覆面屋敷,Meiji,「坂口安吾全集　10」筑摩書房,自害,母は真の後嗣の母たるべき人のために覚悟の自害をとげられた由であります。風守さまの人デ,Formal,,,,
野村胡堂,銭形平次捕物控,くるい咲き,Meiji,「銭形平次捕物控（四）城の絵図面」嶋中文庫、嶋中書店,自害,駒次郎が殺《や》られましたぜ」 「今度は自害じゃあるまい」 「畳庖丁で、首を右から後,General,,0.0,1.0,1.0
尾佐竹猛校訂,大岡政談,,Meiji,「大岡政談」帝國文庫、博文館,自害,て人に面の向られべきや此上は切《せめ》て自害して申譯せんと覺悟を極《きは》め終《つひ,Formal,,0.65,0.35,
直木三十五,南国太平記,,Meiji,「直木三十五作品集」文藝春秋,自害,う。いや、死ね、というだろう。その時は、自害してもいい。然し、その前に、月丸へ、この,Formal,,0.55,0.45,
泉鏡花,化銀杏,,Meiji,「泉鏡花集成2」ちくま文庫、筑摩書房,自害,の手をじっと取りて、 「嬉しいねえ。何の自害なんかするもんかね、世間と、旦那として私,Formal,,,,
野村胡堂,錢形平次捕物控,用心棒,Meiji,「錢形平次捕物全集第四卷　からくり屋敷」同光社磯部書房,自害,喉に突つ立てゝ居るんだから、間違ひもなく自害だらうよ。でも、俺にはどうも腑に落ちない,Formal,,0.0,1.0,
野村胡堂,銭形平次捕物控,買った遺書,Meiji,「銭形平次捕物控（一）平次屠蘇機嫌」嶋中文庫、嶋中書店,自害,あんたい》にした上、露見した時を最期に、自害して果てるという大変な条件を持出したので,Formal,,0.0,1.0,1.0
野村胡堂,銭形平次捕物控,お藤は解く,Meiji,「銭形平次捕物控（一）平次屠蘇機嫌」嶋中文庫、嶋中書店,自害,いか」 「八、俺にはよく解ったよ、これは自害でなきゃ鎌鼬《かまいたち》かも知れないよ,General,,0.0,1.0,1.0
野村胡堂,銭形平次捕物控,第廿七吉,Meiji,「銭形平次捕物控（十四）雛の別れ」嶋中文庫、嶋中書店,自害,、ガラッ八の八五郎は、 「市太郎は本当に自害したんですか、親分」 割り切れない顔を平,General,,0.0,1.0,1.0
尾佐竹猛校訂,大岡政談,,Meiji,「大岡政談」帝國文庫、博文館,自害,》にはや庄兵衞をば刺留《しとめ》つゝ今や自害《じがい》をなさんとする景樣《ありさま》,General,,,,
永井荷風,冬日の窓,,Meiji,「問はずがたり・吾妻橋　他十六篇」岩波文庫、岩波書店,自害,《くだ》る亜米利加に肌を濡らさじと言って自害した烈婦の出ない事を、今の世に問うて慨嘆,Formal,,0.0,1.0,1.0
国枝史郎,血ぬられた懐刀,,Meiji,「国枝史郎伝奇全集　巻五」未知谷,自害,して占めていられた方だ、そのお方が懐刀で自害された。お紅の懐中《ふところ》から転び出,Formal,,,,
国枝史郎,血ぬられた懐刀,,Meiji,「国枝史郎伝奇全集　巻五」未知谷,自害,といえば、聚楽第の主人の秀次が、高野山で自害をしたことであろう。 木村常陸介をはじめ,Formal,,,,
野村胡堂,錢形平次捕物控,嫁の死,Meiji,「錢形平次捕物全集第二十一卷　闇に飛ぶ箭」同光社,自害,きませうか」 「申し上げませう。今更嫁が自害したと申したところで、親分は本當にして下,Formal,,0.0,1.0,1.0
国枝史郎,あさひの鎧,,Meiji,「あさひの鎧（上）」国枝史郎伝奇文庫、講談社,自害,矢種のあらん限りは防ぎ矢を射、心しずかに自害して、名を万代に残そうぞ。ただし相構えて,Formal,,0.57,0.43,
島崎藤村,夜明け前,第一部上,Meiji,「夜明け前　第一部（上）」岩波文庫、岩波書店,自害,敗られて、一族共に法華堂《ほっけどう》で自害した三浦｜若狭守泰村《わかさのかみやすむ,Formal,,,,
野村胡堂,銭形平次捕物控,尼が紅,Meiji,「銭形平次捕物控（九）　全十冊」角川文庫、角川書店,自害,が大名になったって驚くものか」 「お半が自害したんですよ。あの吉田屋の離屋で、オンア,Formal,,0.0,1.0,1.0
野村胡堂,錢形平次捕物控,秋祭の夜,Meiji,「錢形平次捕物全集第三十三卷　花吹雪」同光社,自害,血だらけの匕首《あひくち》を持つて居り、自害と見られないこともなかつたのです。 年の,Formal,,0.0,1.0,1.0
野村胡堂,錢形平次捕物控,白紙の恐怖,Meiji,「錢形平次捕物全集第二十四卷　吹矢の紅」同光社,自害,んが、箪笥と壁の間から見付けました。――自害した主人が、刄物をあんなところへ抛《はふ,Formal,,0.0,1.0,1.0
岡本綺堂,秋の修善寺,,Meiji,「岡本綺堂随筆集」岩波文庫、岩波書店,自害,下に修善寺駐在所がある。範頼が火を放って自害した真光院というのは、今の駐在所のあたり,General,,,,
佐々木味津三,右門捕物帖,献上博多人形,Meiji,「右門捕物帖（三）」春陽文庫、春陽堂書店,自害,えてみるまでもねえことよ、まさにまさしく自害だよ」 「えッ。自害！　自、自害でござり,General,,0.0,1.0,1.0
中里介山,大菩薩峠,壬生と島原の巻,Meiji,「大菩薩峠1」ちくま文庫、筑摩書房,自害,ここのえ》という全盛の太夫さんが、ここで自害をなされました」 「ふーむ」 「その太夫,Formal,,,,
シェークスピヤ　William Shakespeare,ロミオとヂュリエット,ROMEO AND JULIET,Pre-Meiji,「ロミオとヂュリエット　新修シェークスピヤ全集　第二十五卷」中央公論社,自害,へてくれい、然《さ》なくば此處《こゝ》で自害《じがい》すると半狂亂《はんきゃうらん》,General,,0.0,1.0,1.0
徳永直,光をかかぐる人々,,Meiji,「光をかかぐる人々」河出書房,自害,、奉行松平圖書をはじめ佐賀藩士數名の引責自害その他、昌造の祖父庄左衞門らの活動などは,Formal,,0.66,0.34,
岡本綺堂,小坂部姫,,Meiji,「伝奇ノ匣2　岡本綺堂妖術伝奇集」学研Ｍ文庫、学習研究社,自害,叫んだ。 「采女を殺せば、わたしもすぐに自害する。おのれら、主殺しになりたいか。」と,Formal,,,,
谷崎潤一郎,吉野葛,,Meiji,「ちくま日本文学014　谷崎潤一郎」筑摩書房,自害,《うって》の追撃《ついげき》を受けて宮は自害し給い、神器のうち宝剣《ほうけん》と鏡と,Formal,,0.0,1.0,1.0
谷崎潤一郎,盲目物語,,Meiji,「盲目物語」中公文庫、中央公論新社,自害,るのを見られて、おふたかたと御いっしょに自害しておはてなされました。まあわたくしのお,Formal,,0.0,1.0,1.0
野村胡堂,錢形平次捕物控,死の祕薬,Meiji,「錢形平次捕物全集第三十四卷　江戸の夜光石」同光社,自害,に刺させたとしたら、これは殺しではなくて自害《じがい》だよ」 「フーム」 「そんな馬,General,,0.0,1.0,1.0
尾崎士郎訳,現代語訳　平家物語,第八巻,Meiji,「現代語訳　平家物語（下）」岩波現代文庫、岩波書店,自害,は泣いて父にいった。 「たとえ私がここで自害しましても、それは私が未熟者のためでござ,Formal,,0.0,1.0,1.0
坂口安吾,明治開化　安吾捕物,その十　冷笑鬼,Meiji,「坂口安吾全集　10」筑摩書房,自害,、いつかバラバラになり、ミネが後に残って自害したことは、それが発見されるまで四名の男,Formal,,,,
野村胡堂,錢形平次捕物控,尼が紅,Meiji,「錢形平次捕物全集第十九卷　神隱し」同光社磯部書房,自害,、お前はこれをどう思ふ」 「へエ？」 「自害する女は、こんなに取亂すものかな。それに,General,,0.04,0.96,0.96
国枝史郎,あさひの鎧,,Meiji,「あさひの鎧（上）」国枝史郎伝奇文庫、講談社,自害,怨みを泉下《せんか》に報ぜんために、只今自害するありさま見置きて、汝らが武運忽ちに尽,Formal,,,,
野村胡堂,錢形平次捕物控,花嫁の幻想,Meiji,「錢形平次捕物全集第三十五卷　花嫁の幻想」同光社,自害,×　　　　　　× 事件はそれだけ、お才は自害で事は濟みました。丁稚《でつち》の品吉は,Formal,,0.0,1.0,1.0
野村胡堂,幻術天魔太郎,,Meiji,「野村胡堂伝奇幻想小説集成」作品社,自害,。どうせないいのちなら、ここでいさぎよく自害でもしてくれたら、お上にも手加減があって,Formal,,0.0,1.0,1.0
太宰治,右大臣実朝,,Meiji,「太宰治全集第五巻」筑摩書房,自害,鎌倉より追放なされ、継母の牧の方さまには自害をすすめて一命をいただいておしまひになり,Formal,,,,
谷崎潤一郎,聞書抄,第二盲目物語,Meiji,「聞書抄」中公文庫、中央公論新社,自害,期を聞いて、これも同じ日に寺町の正行寺で自害をした。 熊谷大膳は嵯峨の二尊院に隠れて,Formal,,0.0,1.0,1.0
尾崎士郎訳,現代語訳　平家物語,第九巻,Meiji,「現代語訳　平家物語（下）」岩波現代文庫、岩波書店,自害,見失って今はこれまでと覚悟を決め、静かに自害しようと落ちてゆくところを、近江国の住人,Formal,,0.0,1.0,1.0
中里介山,大菩薩峠,慢心和尚の巻,Meiji,「大菩薩峠4」ちくま文庫、筑摩書房,自害,い詰められる気持に迫られて、いざといえば自害をして果てるばかりと、小刀を膝のところへ,Formal,,0.63,0.37,
野村胡堂,錢形平次捕物控,くるひ咲,Meiji,「錢形平次捕物全集第八卷　地獄から來た男」同光社磯部書房,自害,めえ、それに、話の樣子ぢや、俺が考へても自害ぢやねえ」 「有難てえ、それでこそ錢形の,General,,,,
野村胡堂,銭形平次捕物控,白紙の恐怖,Meiji,「銭形平次捕物控（十二）狐の嫁入」嶋中文庫、嶋中書店,自害,んが、箪笥と壁の間から見付けました。――自害した主人が、刃物をあんなところへ抛《ほう,Formal,,0.0,1.0,1.0
国枝史郎,血ぬられた懐刀,,Meiji,「国枝史郎伝奇全集　巻五」未知谷,自害,れている、血にぬれている！　ああお紅殿は自害なされた！　常陸介殿！」 と、飛びかかる,Formal,,,,
野村胡堂,錢形平次捕物控,お銀お玉,Meiji,「錢形平次捕物全集第十八卷　彦徳の面」同光社磯部書房,自害,逆襲する平次。 「檢屍までもなく、あれは自害ぢやありませんね」 「その通りだよ。あの,Formal,,0.0,1.0,1.0
野村胡堂,錢形平次捕物控,からくり屋敷,Meiji,「錢形平次捕物全集第四卷　からくり屋敷」同光社磯部書房,自害,井筒屋の主人を殺した罪を責められ、此通り自害して相果てました」 「毒は何んで？」 「,Formal,Репутацию очернили — смерть.,,,
中里介山,大菩薩峠,黒業白業の巻,Meiji,「大菩薩峠5」ちくま文庫、筑摩書房,自害,かに袖は濡らさじ」という歌を詠《よ》んで自害したという話を思い出しました。しかしここ,Formal,,,,
中里介山,大菩薩峠,山科の巻,Meiji,「大菩薩峠19」ちくま文庫、筑摩書房,自害,も知れぬ。 二十一 「九重の太夫さんが、自害をなされたお話、それとあの――芹沢《せり,Formal,,,,
野村胡堂,銭形平次捕物控,遺書の罪,Meiji,「銭形平次捕物控（十二）狐の嫁入」嶋中文庫、嶋中書店,自害,ている御主人が、鴨居へ扱帯などをかけて、自害するような、そんなことが御自分で出来るは,Formal,,0.0,1.0,1.0
野村胡堂,錢形平次捕物控,用心棒,Meiji,「錢形平次捕物全集第四卷　からくり屋敷」同光社磯部書房,自害,な殺しだつたんだ」 「へエ、どう見たつて自害ぢやありませんか」 「自害なら、自分の部,General,,0.0,1.0,
野村胡堂,錢形平次捕物控,匕首の行方,Meiji,「錢形平次捕物全集第五卷　蝉丸の香爐」同光社磯部書房,自害,と一緒に手に入れた喜三郎が、祝言の前の晩自害するといふことは、どう考へたところで承服,General,,,,
野村胡堂,銭形平次捕物控,大村兵庫の眼玉,Meiji,「銭形平次捕物控（二）八人芸の女」嶋中文庫、嶋中書店,自害,。名前は？」 平次はせき込みました。 「自害したのはお小夜《さよ》といってな。三年前,General,,0.0,1.0,1.0
野村胡堂,錢形平次捕物控,匕首の行方,Meiji,「錢形平次捕物全集第五卷　蝉丸の香爐」同光社磯部書房,自害,らしい顏をして居りますが、若旦那の柳吉が自害したのだとわかると、誰を縛りやうもありま,General,,,,
野村胡堂,銭形平次捕物控,密室,Meiji,「奇譚　銭形平次　「銭形平次捕物控」傑作選」ＰＨＰ文庫、ＰＨＰ研究所,自害,うな、忠実な男です。 内儀のお駒の死を、自害でないと言い出した、八五郎の考え方は、た,Formal,,0.0,1.0,1.0
国枝史郎,蔦葛木曽棧,,Meiji,「蔦葛木曽棧【上】」大衆文学館、講談社,自害,それもちと違う。つまりお吉は兄紋十郎へ、自害を勧めているのじゃそうな。兄さんすぐにも,General,,,,
浅野和三郎,霊界通信　小桜姫物語,,Meiji,「霊界通信　小桜姫物語」潮文社,自害,てから、私《わたくし》は幾度《いくたび》自害《じがい》しようとしたか知《し》れませぬ,General,,0.0,1.0,
中里介山,大菩薩峠,鈴鹿山の巻,Meiji,「大菩薩峠1」ちくま文庫、筑摩書房,自害,松が永《なが》の病気から身の上を悲観して自害でもするつもりと勘違いをしているので、お,General,"двойное значение - употребляется ритуальный суицид, но в контексте того, что болезнь другого человека сделала его пессиимистичным",,,
野村胡堂,錢形平次捕物控,買つた遺書,Meiji,「錢形平次捕物全集第五卷　蝉丸の香爐」同光社磯部書房,自害,るでせう。 「でも私は、どうしても、父が自害したとは思はれません」 「――」 「晩酌,Formal,,0.0,1.0,
野村胡堂,幻術天魔太郎,,Meiji,「野村胡堂伝奇幻想小説集成」作品社,自害,小者のザワめく声をきくと、すすんでお筆の自害をとめる勇気もくじけます。 「では、みな,Formal,,0.0,1.0,1.0
野村胡堂,錢形平次捕物控,くるひ咲,Meiji,「錢形平次捕物全集第八卷　地獄から來た男」同光社磯部書房,自害,たりしました。 「親分の前だが、こいつは自害ぢやありませんぜ」 不意に横合から、變な,General,,,,
野村胡堂,銭形平次捕物控,お秀の父,Meiji,「銭形平次捕物控（十一）懐ろ鏡」嶋中文庫、嶋中書店,自害,蟠りがあったでしょうか」 「自分の親だけ自害して、絵図面までそっちの手柄にされちゃ、,Formal,,0.0,1.0,1.0
橘外男,亡霊怪猫屋敷,,Meiji,「橘外男ワンダーランド　怪談・怪奇篇」中央書院,自害,とりの小金吾はゆくえしれず、のこる老母も自害をとげては、もはやあとに家をつぐものもお,General,,,,
国枝史郎,蔦葛木曽棧,,Meiji,「蔦葛木曽棧【上】」大衆文学館、講談社,自害,駈け付けこの利鎌《とがま》を、突き付けて自害を勧めねばならぬ！　天の神様、地の神様！,Formal,,0.0,1.0,
野村胡堂,銭形平次捕物控,城の絵図面,Meiji,「銭形平次捕物控（四）城の絵図面」嶋中文庫、嶋中書店,自害,目すぎるくらいの平凡な男です。 「棟梁の自害したのを一番先に見付けたのは、誰だとか言,Formal,,0.0,1.0,1.0
尾崎紅葉,金色夜叉,,Meiji,「金色夜叉」新潮文庫、新潮社,自害,て、 「貴方が殺して下さらなければ、私は自害して死にますから、貫一さん、この刀を取つ,Formal,,,,
野村胡堂,錢形平次捕物控,お藤は解く,Meiji,「錢形平次捕物全集第六卷　兵庫の眼玉」同光社磯部書房,自害,剃刀を使ひません」 「それでは自害か――自害に下手人のある筈は無い、十手捕繩の返上は,General,,,,
芥川龍之介,糸女覚え書,,Meiji,「現代日本文学大系43芥川龍之介集」筑摩書房,自害,ん」（役僧）一人、厳かに申し候は、総じて自害は切支丹宗門の禁ずるところに御座候間、秀,Formal,,0.0,1.0,1.0
中里介山,大菩薩峠,道庵と鰡八の巻,Meiji,「大菩薩峠5」ちくま文庫、筑摩書房,自害,、この短刀をお返し申す故、この場で改めて自害をなさい、兵馬が介錯《かいしゃく》をして,Formal,,,,
正岡容,寄席,,Meiji,「圓太郎馬車　正岡容寄席小説集」河出文庫、河出書房新社,自害,海にきた晩にやった思い出深い「小夜衣」の自害をやった。 折が折で自分から泣いてかかっ,General,,,,
尾崎士郎訳,現代語訳　平家物語,第四巻,Meiji,「現代語訳　平家物語（上）」岩波現代文庫、岩波書店,自害,射られて歩行が困難になった。今や心静かに自害せんと平等院の中へ引きあげようとするとき,Formal,,0.0,1.0,1.0
菊池寛,袈裟の良人,,Meiji,「袈裟の良人」金星堂,自害,なりとも、逃すまじきが、袈裟の死は、所詮自害ぢや。自ら求めての死ぢや。敵はない！　敵,Formal,,0.0,1.0,1.0
野村胡堂,錢形平次捕物控,くるひ咲,Meiji,「錢形平次捕物全集第八卷　地獄から來た男」同光社磯部書房,自害,調子で斯う言ひました。 「なアに、自害が自害と解りさへすれアそれでいゝのさ。人殺しの,General,Шарманка.,,,
国枝史郎,紅白縮緬組,,Meiji,「銅銭会事変　短編」国枝史郎伝奇文庫27、講談社,自害,美しい若衆は何者であろう？　何んのために自害したのであろう？ 古い当時の記録を見ると,Formal,,,,
野村胡堂,錢形平次捕物控,お藤は解く,Meiji,「錢形平次捕物全集第六卷　兵庫の眼玉」同光社磯部書房,自害,剃刀を使ひません」 「それでは自害か――自害に下手人のある筈は無い、十手捕繩の返上は,General,,0.0,1.0,
国枝史郎,血ぬられた懐刀,,Meiji,「国枝史郎伝奇全集　巻五」未知谷,自害,関白秀次が喚いていた。 「女は死んだか、自害したか、ワッ、ハッ、ハッ、それもよかろう,Formal,,,,
野村胡堂,錢形平次捕物控,毒酒藥酒,Meiji,「錢形平次捕物全集第三十四卷　江戸の夜光石」同光社,自害,なかつたが、隣りの部屋で内儀のお染殿が、自害しようとする氣配を聽くと大井久我之助殿、,Formal,,0.0,1.0,1.0
野村胡堂,錢形平次捕物控,用心棒,Meiji,「錢形平次捕物全集第四卷　からくり屋敷」同光社磯部書房,自害,よう、檜物町の小夜菊の死んだのは、ありや自害ぢやない、立派な殺しだつたんだ」 「へエ,General,,0.0,1.0,
野村胡堂,錢形平次捕物控,買つた遺書,Meiji,「錢形平次捕物全集第五卷　蝉丸の香爐」同光社磯部書房,自害,あんたい》にした上、露見した時を最期に、自害して果てるといふ大變な條件を持出したので,Formal,,0.0,1.0,
野村胡堂,銭形平次捕物控,お藤は解く,Meiji,「銭形平次捕物控（一）平次屠蘇機嫌」嶋中文庫、嶋中書店,自害,剃刀を使いません」 「それでは自害か――自害に下手人のあるはずはない、十手捕縄の返上,General,,0.0,1.0,1.0
野村胡堂,錢形平次捕物控,密室,Meiji,「錢形平次捕物全集第四卷　からくり屋敷」同光社磯部書房,自害,うな、忠實な男です。 内儀のお駒の死を、自害でないと言ひ出した、八五郎の考へ方は、た,General,,,,
坂口安吾,明治開化　安吾捕物,その十　冷笑鬼,Meiji,「坂口安吾全集　10」筑摩書房,自害,し殺してしまったのでしょう。なお、ミネが自害したのは、二人の実子のいずれかが犯人であ,Formal,,0.61,0.39,
野村胡堂,錢形平次捕物控,第廿七吉,Meiji,「錢形平次捕物全集第十七卷　權八の罪」同光社磯部書房,自害,ふ」 「父上市太郎樣は、身を耻《は》ぢて自害《じがい》をなすつたのです。それを庇《か,General,,,,
野村胡堂,錢形平次捕物控,匕首の行方,Meiji,「錢形平次捕物全集第五卷　蝉丸の香爐」同光社磯部書房,自害,らしい顏をして居りますが、若旦那の柳吉が自害したのだとわかると、誰を縛りやうもありま,Formal,,0.0,1.0,
国枝史郎,あさひの鎧,,Meiji,「あさひの鎧（上）」国枝史郎伝奇文庫、講談社,自害,や》様や楠木正成《くすのきまさしげ》が、自害をして果ててしまった。 が、慧眼《けいが,Formal,,0.66,0.34,
野村胡堂,錢形平次捕物控,くるひ咲,Meiji,「錢形平次捕物全集第八卷　地獄から來た男」同光社磯部書房,自害,女出入で惱まされて居たので、十人が十人、自害《じがい》を疑ふ者はありません。 「持ち,General,,,,
野村胡堂,錢形平次捕物控,月の隈,Meiji,「錢形平次捕物全集第二十五卷　火の呪ひ」同光社,自害,お才さんの父親は三年前にそれを苦にやんで自害し、お才さんは大伯父に當るこの店の先代に,Formal,,0.0,1.0,1.0
野村胡堂,錢形平次捕物控,用心棒,Meiji,「錢形平次捕物全集第四卷　からくり屋敷」同光社磯部書房,自害,少し附き合つてくれ。小夜菊はどう考へても自害などをする型の女ぢや無いのだよ。爐《ろ》,General,,,,
野村胡堂,錢形平次捕物控,用心棒,Meiji,「錢形平次捕物全集第四卷　からくり屋敷」同光社磯部書房,自害,もう面目次第もない、――その小夜菊は昨夜自害をした相ぢやないか」 「そのことで伺ひま,General,,0.0,1.0,
国枝史郎,高島異誌,,Meiji,「妖異全集」桃源社,自害,娘の身で、このような所へ来るさえあるに、自害なさろうとは心得ぬ。死ぬ程の苦痛ござるな,Formal,мысли третьего лица о совершении суицида девушкой,,,
国枝史郎,蔦葛木曽棧,,Meiji,「蔦葛木曽棧【上】」大衆文学館、講談社,自害,上げた。「この無残《むごたら》しいお前の自害も元はといえば右衛門めが由《よし》ない事,General,,,,
林不忘,釘抜藤吉捕物覚書,のの字の刀痕,Meiji,「一人三人全集1時代捕物釘抜藤吉捕物覚書」河出書房新社,自害,人一同の意見が一致したわけであるが覚悟の自害とすればなぜわざわざ通りに近い表玄関を選,General,Ну выбрал и выбрал. Чё бубнеть.,,,
野村胡堂,錢形平次捕物控,お銀お玉,Meiji,「錢形平次捕物全集第十八卷　彦徳の面」同光社磯部書房,自害,ありませんね」 「その通りだよ。あの顏は自害した人間の顏ぢやない。自害した人間の顏は,Formal,,0.0,1.0,1.0
嘉村礒多,途上,,Meiji,「現代日本文學大系　49」筑摩書房,自害,がまはらず狸《たぬき》を捕《と》る毒薬で自害し、一人の女は継母と婿養子との不和から世,General,,,,
野村胡堂,錢形平次捕物控,お藤は解く,Meiji,「錢形平次捕物全集第六卷　兵庫の眼玉」同光社磯部書房,自害, 「鎌鼬は剃刀を使ひません」 「それでは自害か――自害に下手人のある筈は無い、十手捕,General,,,,
尾佐竹猛校訂,大岡政談,,Meiji,「大岡政談」帝國文庫、博文館,自害,》にはや庄兵衞をば刺留《しとめ》つゝ今や自害《じがい》をなさんとする景樣《ありさま》,General,,0.0,1.0,
佐々木味津三,右門捕物帖,献上博多人形,Meiji,「右門捕物帖（三）」春陽文庫、春陽堂書店,自害,を悲しんで、知らぬまに窯《かま》へはいり自害したに相違ござりませぬ。せめてものなごり,Formal,,0.0,1.0,1.0
佐々木味津三,右門捕物帖,献上博多人形,Meiji,「右門捕物帖（三）」春陽文庫、春陽堂書店,自害,にと、このみごとな群青焼きを置きみやげに自害したのでござります」 「そうであったか！,Formal,,0.0,1.0,1.0
野村胡堂,錢形平次捕物控,白紙の恐怖,Meiji,「錢形平次捕物全集第二十四卷　吹矢の紅」同光社,自害,ます。先代の總兵衞旦那樣と番頭の利八郎は自害をいたしましたし、私の父親は行方不知にな,Formal,,0.0,1.0,1.0
三上於兎吉,艶容万年若衆,,Meiji,「書物の王国※　美少年」国書刊行会,自害,ぼんやり照すのでした。 お春悲恋に哭いて自害する事 根岸の里を物さびしい夜闇《やみ》,Formal,,0.0,1.0,1.0
泉鏡花,貧民倶楽部,,Meiji,「泉鏡花集成2」ちくま文庫、筑摩書房,自害,》、大《た》、大変です。もし、御前様が御自害じゃ。」 「あ！」と家令は腰を抜かす。 ,General,,0.0,1.0,
野村胡堂,錢形平次捕物控,猿蟹合戰,Meiji,「錢形平次捕物全集第二十七卷　猿蟹合戰」同光社,自害,ぜ。殺されたかどうか、まだわからないが、自害や病死でないことだけは確かで」 「どうし,Formal,,0.0,1.0,1.0
野村胡堂,錢形平次捕物控,秋祭の夜,Meiji,「錢形平次捕物全集第三十三卷　花吹雪」同光社,自害,》どん」 三五郎はそれに應じました。 「自害をしたもの――ことに喉笛を切つたものは、,Formal,,0.0,1.0,1.0
国枝史郎,蔦葛木曽棧,,Meiji,「蔦葛木曽棧【上】」大衆文学館、講談社,自害,にもしもの事があったなら私もその場ですぐ自害と心をきめておりますところへご老師様がお,General,,0.0,1.0,
泉鏡花,縷紅新草,,Meiji,「泉鏡花集成9」ちくま文庫、筑摩書房,自害,《にら》んでやりたいようですわ。――でも自害をなさいました、後一年ばかり、一時《ひと,Formal,,0.58,0.42,
国枝史郎,血曼陀羅紙帳武士,,Meiji,「血曼陀羅紙帳武士」国枝史郎伝奇文庫22、講談社,自害,衛門には、左門という忰があって、「父上を自害させたのは忠右衛門である」と云い、遊学先,Formal,,0.63,0.37,
野村胡堂,銭形平次捕物控,白紙の恐怖,Meiji,「銭形平次捕物控（十二）狐の嫁入」嶋中文庫、嶋中書店,自害,のか」 「下っ引が教えて来ましたよ」 「自害じゃあるまいかな、――脅かされて気を腐ら,Formal,,0.0,1.0,1.0
倉田百三,人生における離合について,,Meiji,「青春をいかに生きるか」角川文庫、角川書店,自害,三には大津皇子が死を賜わって磐余の池にて自害されたとき、妃山辺の皇女が流涕悲泣して直,Formal,,,,
国枝史郎,血ぬられた懐刀,,Meiji,「国枝史郎伝奇全集　巻五」未知谷,自害,る。 たった今女が死んだのである。懐刀で自害をしたのである。で、すっかり怯かされてい,Formal,прямое указание на ритуальное самоубийство клинком,,,
藤井英男訳,戦争,藤野古白,Meiji,,自害,四郎　武人としての最後のお願い、この芳谷自害の様子、ぜひともご他言くださりませず、誓,Formal,,0.0,1.0,1.0
倉田百三,俊寛,,Meiji,「出家とその弟子　他一編」旺文社文庫、旺文社,自害,の安否《あんぴ》も定《き》まらぬうちに、自害する勇気はとてもあるまい。それに有王《あ,Formal,,,,
島崎藤村,夜明け前,第一部下,Meiji,「夜明け前　第一部（下）」岩波文庫、岩波書店,自害,て、井戸に身を投げようとしたものがあり、自害しようとするものさえあったという。 慶応,General,двойственность контекста - способ убийства,,,
野村胡堂,奇談クラブ〔戦後版〕,お竹大日如来,Meiji,「野村胡堂伝奇幻想小説集成」作品社,自害,妙なところに、気が廻ります。内儀のお杉は自害ということにして、大分金をバラ撒《ま》い,Formal,,0.0,1.0,1.0
尾崎紅葉,金色夜叉,,Meiji,「金色夜叉」新潮文庫、新潮社,自害,不申《まをさざ》るやうにも候はば、いつそ自害致候てなりと、潔く相果て候が、※《はるか,Formal,,,,
野村胡堂,錢形平次捕物控,傀儡名臣,Meiji,「錢形平次捕物全集第八卷　地獄から來た男」同光社磯部書房,自害,清左衞門は血眼になつて探しました。寅藏の自害は、簡單な屆出で濟みましたが、御墨附と短,General,,,,
吉本明光編,お蝶夫人,三浦環,Meiji,「三浦環　「お蝶夫人」」人間の記録、日本図書センター,自害,して最後の第二幕第二場では、愛児と別れて自害する蝶々さんの子別れの悲しみと、母性愛を,General,,0.0,1.0,
中里介山,大菩薩峠,他生の巻,Meiji,「大菩薩峠8」ちくま文庫、筑摩書房,自害,殿もその坊主にだまされて、身代りに女中が自害したこともある。 神尾主膳は、そういうこ,Formal,,,,
国枝史郎,蔦葛木曽棧,,Meiji,「蔦葛木曽棧【上】」大衆文学館、講談社,自害,じゃそうな。兄さんすぐにもこの鎌で立派に自害なさりませと、こう云って追い廻わしている,General,,0.0,1.0,
野村胡堂,錢形平次捕物控,御時計師,Meiji,「錢形平次捕物全集第二十五卷　火の呪ひ」同光社,自害,ら時計を盜んだ伊之助は、仕事場で爲三郎が自害してゐるのを見ると、『しめた』と思つたに,Formal,,0.0,1.0,1.0
岸田國士,泉,,Meiji,「岸田國士全集14」岩波書店,自害,、さうなら仕方がないが、懐剣で、見事にご自害だ」 「えツ？」 と、幾島は、飛びあがつ,Formal,,,,
太宰治,右大臣実朝,,Meiji,「太宰治全集第五巻」筑摩書房,自害,重に護衛いたし、御義母の牧の方さまには御自害を強ひ、御実父の時政公には出家をすすめて,Formal,,,,
野村胡堂,錢形平次捕物控,密室,Meiji,「錢形平次捕物全集第四卷　からくり屋敷」同光社磯部書房,自害,ぢやありませんよ」 「フーム」 「第一、自害にしちやもがき過ぎたし、刄物がまるつ切り,General,,,,
泉鏡花,貧民倶楽部,,Meiji,「泉鏡花集成2」ちくま文庫、筑摩書房,自害,てその手を返して咽候《のど》を切って、御自害をなさらなかった。外でもない、貴女の地位,General,,0.0,1.0,
尾崎士郎訳,現代語訳　平家物語,第四巻,Meiji,「現代語訳　平家物語（上）」岩波現代文庫、岩波書店,自害,競は存分の戦で敵を数多倒すや腹かき切って自害した。また円満院大夫源覚は、もう宮も遥か,Formal,,0.0,1.0,1.0
野村胡堂,錢形平次捕物控,嫁の死,Meiji,「錢形平次捕物全集第二十一卷　闇に飛ぶ箭」同光社,自害,何？　刄物がなかつた？」 「刄物がなきや自害の筈はありません。自分の喉を突いた佛樣が,Formal,,0.0,1.0,1.0
野村胡堂,錢形平次捕物控,用心棒,Meiji,「錢形平次捕物全集第四卷　からくり屋敷」同光社磯部書房,自害,て寢て居る筈もあるめえ」 よしや小夜菊は自害では無くて、人に殺されたのであつたにして,General,,,,
野村胡堂,錢形平次捕物控,お藤は解く,Meiji,「錢形平次捕物全集第六卷　兵庫の眼玉」同光社磯部書房,自害,いか」 「八、俺にはよく解つたよ、これは自害でなきや鎌鼬《かまいたち》かも知れないよ,General,,,,
泉鏡花,貧民倶楽部,,Meiji,「泉鏡花集成2」ちくま文庫、筑摩書房,自害,》、大《た》、大変です。もし、御前様が御自害じゃ。」 「あ！」と家令は腰を抜かす。 ,General,,,,
倉田百三,俊寛,,Meiji,「出家とその弟子　他一編」旺文社文庫、旺文社,自害,の安否《あんぴ》も定《き》まらぬうちに、自害する勇気はとてもあるまい。それに有王《あ,Formal,,0.64,0.36,
鈴木行三校訂・編纂,菊模様皿山奇談,三遊亭圓朝,Pre-Meiji,「圓朝全集　巻の九」近代文芸・資料複刻叢書、世界文庫,自害,は同家中に奉公していたが、少々仔細有って自害致した」 縫「でございますけれども、これ,General,,0.0,1.0,1.0
坂口安吾,明治開化　安吾捕物,その十　冷笑鬼,Meiji,「坂口安吾全集　10」筑摩書房,自害,、いつかバラバラになり、ミネが後に残って自害したことは、それが発見されるまで四名の男,Formal,,0.66,0.34,
島崎藤村,夜明け前,第一部上,Meiji,「夜明け前　第一部（上）」岩波文庫、岩波書店,自害,しょう》四年の八月に、八十九歳で衣笠城に自害した三浦｜大介義明《おおすけよしあき》と,Formal,,,,
谷崎潤一郎,盲目物語,,Meiji,「盲目物語」中公文庫、中央公論新社,自害,念である、たゞこのうえは天守に火をかけて自害をするから、最後の様子をのちの世の手本に,Formal,,0.0,1.0,1.0
国枝史郎,蔦葛木曽棧,,Meiji,「蔦葛木曽棧【上】」大衆文学館、講談社,自害,上げた。「この無残《むごたら》しいお前の自害も元はといえば右衛門めが由《よし》ない事,Formal,,0.0,1.0,
吉本明光編,お蝶夫人,三浦環,Meiji,「三浦環　「お蝶夫人」」人間の記録、日本図書センター,自害,した。けれど最後の幕で、屏風の蔭で短刀で自害して、目かくしをした愛児の傍ににじり寄る,General,,0.02,0.98,
佐々木味津三,右門捕物帖,献上博多人形,Meiji,「右門捕物帖（三）」春陽文庫、春陽堂書店,自害,とよ、まさにまさしく自害だよ」 「えッ。自害！　自、自害でござりまするか！　あの男が,General,,0.0,1.0,1.0
野村胡堂,錢形平次捕物控,嫁の死,Meiji,「錢形平次捕物全集第二十一卷　闇に飛ぶ箭」同光社,自害,持つて來て、血塗つてお鈴の死骸に握らせ、自害らしく見せかけ、隣の部屋へ引つ返して鎧通,Formal,,0.0,1.0,1.0
国枝史郎,血曼陀羅紙帳武士,,Meiji,「血曼陀羅紙帳武士」国枝史郎伝奇文庫22、講談社,自害,衛門には、左門という忰があって、「父上を自害させたのは忠右衛門である」と云い、遊学先,Formal,,,,
野村胡堂,錢形平次捕物控,秋祭の夜,Meiji,「錢形平次捕物全集第三十三卷　花吹雪」同光社,自害,自然で、兩膝を帶か扱帶《しごき》で縛つて自害をするのは、女のたしなみとされて居たので,Formal,,0.0,1.0,1.0
野村胡堂,錢形平次捕物控,くるひ咲,Meiji,「錢形平次捕物全集第八卷　地獄から來た男」同光社磯部書房,自害,駒次郎が殺《や》られましたぜ」 「今度は自害ぢやあるまい」 「疊庖丁で、首を右から後,General,,,,
林不忘,釘抜藤吉捕物覚書,のの字の刀痕,Meiji,「一人三人全集1時代捕物釘抜藤吉捕物覚書」河出書房新社,自害,胸板を一つ叩いて見せた。 「三吉の野郎が自害と踏んでいるなら、今さら茶々を入れる筋で,Formal,,0.66,0.34,
野村胡堂,銭形平次捕物控,懐ろ鏡,Meiji,「銭形平次捕物控（十一）懐ろ鏡」嶋中文庫、嶋中書店,自害,を反古《ほご》にし、お類はそれを悲しんで自害したのだという噂《うわさ》も伝わりました,Formal,,0.0,1.0,1.0
野村胡堂,銭形平次捕物控,遺書の罪,Meiji,「銭形平次捕物控（十二）狐の嫁入」嶋中文庫、嶋中書店,自害,かと後が面倒なので、御親類方が集まって、自害の体に拵《こしら》え、たくさんのお金まで,Formal,,0.0,1.0,1.0
佐々木味津三,右門捕物帖,献上博多人形,Meiji,「右門捕物帖（三）」春陽文庫、春陽堂書店,自害,でござりまするか！　あの男が、弥七郎が、自害をしたというのでござりまするか！」 泥斎,Formal,,0.0,1.0,1.0
尾佐竹猛校訂,大岡政談,,Meiji,「大岡政談」帝國文庫、博文館,自害,うきはぢ》晒《さら》さんより其の場を去ず自害《じがい》して相果て申せば先立《さきだち,General,,0.0,1.0,
尾佐竹猛校訂,大岡政談,,Meiji,「大岡政談」帝國文庫、博文館,自害,きざし》を拔《ぬく》より早く既《すで》に自害《じがい》すべき有樣なるにぞ忠八は遽《あ,General,,,,
国枝史郎,血ぬられた懐刀,,Meiji,「国枝史郎伝奇全集　巻五」未知谷,自害,先刻《さっき》自害をした女のように其方も自害をしたいそうな」 「いっそお手にかけて下,Formal,дубликат предыдущего,,,
直木三十五,南国太平記,,Meiji,「直木三十五作品集」文藝春秋,自害,う。いや、死ね、というだろう。その時は、自害してもいい。然し、その前に、月丸へ、この,Formal,,,,
尾崎紅葉,金色夜叉,,Meiji,「金色夜叉」新潮文庫、新潮社,自害,何卒《なにとぞ》是《これ》は前非を悔いて自害いたし候｜一箇《ひとり》の愍《あはれ》な,General,,0.0,1.0,
国枝史郎,血ぬられた懐刀,,Meiji,「国枝史郎伝奇全集　巻五」未知谷,自害, 「もしものことがあろうものなら、潔よく自害をいたします」 九燿の星の紋所の付いた、,Formal,,,,
中里介山,大菩薩峠,慢心和尚の巻,Meiji,「大菩薩峠4」ちくま文庫、筑摩書房,自害,れて、本陣とやらへ行かねばならぬ場合には自害する、いっそ、こうなっては、その前にここ,General,,,,
野村胡堂,錢形平次捕物控,用心棒,Meiji,「錢形平次捕物全集第四卷　からくり屋敷」同光社磯部書房,自害,、どう見たつて自害ぢやありませんか」 「自害なら、自分の部屋で、踊の師匠だもの、膝位,General,,0.0,1.0,
野村胡堂,錢形平次捕物控,買つた遺書,Meiji,「錢形平次捕物全集第五卷　蝉丸の香爐」同光社磯部書房,自害,、格子があるにしても、窓を開けたまゝで、自害をする人があるでせうか」 「フーム」 こ,General,,,,
国枝史郎,あさひの鎧,,Meiji,「あさひの鎧（上）」国枝史郎伝奇文庫、講談社,自害,矢種のあらん限りは防ぎ矢を射、心しずかに自害して、名を万代に残そうぞ。ただし相構えて,Formal,чистое формал,,,
中村地平,霧の蕃社,,Meiji,「〈外地〉の日本語文学選1　南方・南洋／台湾」新宿書房,自害,、夫に前後して見事に咽喉《のど》をついて自害した。 梅鉢紋付の羽織を着ていた二郎及び,Formal,,0.0,1.0,1.0
林不忘,釘抜藤吉捕物覚書,のの字の刀痕,Meiji,「一人三人全集1時代捕物釘抜藤吉捕物覚書」河出書房新社,自害,棒にもかからない悪党であったこと、栄太が自害した一昨日の暮れ早々、助三郎夫婦は女房お,General,,,,
野村胡堂,銭形平次捕物控,二度死んだ男,Meiji,「銭形平次捕物控（五）金の鯉」嶋中文庫、嶋中書店,自害,で」 「…………」 「殺されたわけでも、自害したわけでもなく、卒中でポックリ逝ったに,Formal,,0.0,1.0,1.0
野村胡堂,銭形平次捕物控,密室,Meiji,「奇譚　銭形平次　「銭形平次捕物控」傑作選」ＰＨＰ文庫、ＰＨＰ研究所,自害,《ひね》りました。 「それに、中年の女が自害でもしようという時、あんな恰好《かっこう,General,,0.04,0.96,0.96
巌谷小波,こがね丸,,Meiji,「日本児童文学名作集（上）」岩波文庫、岩波書店,自害,つ》る命も惜《おし》くはあらず。――妾が自害は黄金ぬしが、御用に立たん願《ねがい》に,Formal,,,,
岡本綺堂,半七捕物帳,大森の鶏,Meiji,「時代推理小説　半七捕物帳（四）」光文社文庫、光文社,自害,と云うのほかはありません。奥様もつづいて自害と覚悟しましたが、わたくしが早く押さえた,Formal,General,,,
野村胡堂,錢形平次捕物控,遺書の罪,Meiji,「錢形平次捕物全集第二十卷　狐の嫁入」同光社磯部書房,自害,くび》れ死んだのを、翌朝お茂與が見付け、自害《じがい》は面白くないことがあつたので、,General,,0.01,0.99,0.99
芥川龍之介,開化の良人,,Meiji,「芥川龍之介全集2」ちくま文庫、筑摩書房,自害,です。たしか大野鉄平《おおのてっぺい》の自害の場の幕がしまった後《あと》だったと思い,Formal,,0.0,1.0,1.0
野村胡堂,錢形平次捕物控,嫁の死,Meiji,「錢形平次捕物全集第二十一卷　闇に飛ぶ箭」同光社,自害,身上《しんしやう》を拵へるだらう。お鈴は自害といふことで濟んでしまつた」 「隨分變な,Formal,,0.0,1.0,1.0
野村胡堂,錢形平次捕物控,八千兩異変,Meiji,「錢形平次捕物全集第十八卷　彦徳の面」同光社磯部書房,自害,手を突いて平次へ詫《わ》びるのです。父の自害した後、三千兩に心引かれて、釜屋の前をウ,Formal,,0.0,1.0,1.0
野村胡堂,銭形平次捕物控,綾吉殺し,Meiji,「銭形平次捕物控（二）八人芸の女」嶋中文庫、嶋中書店,自害,晩、植幸は離屋の梁《はり》に細紐を掛け、自害してしまいました。 「やはりあの親爺です,Formal,,0.0,1.0,1.0
国枝史郎,名人地獄,,Meiji,「名人地獄」国枝史郎伝奇文庫7、講談社,自害,わからない落書きであった。 検死の結果は自害となった。乱心して死んだということになっ,General,,0.0,1.0,
三上於菟吉,雪之丞変化,,Meiji,底本『大衆文学大系12』一九七二年三月　講談社刊,自害,どのような虐《しいた》げをうけられて、御自害をなされたか――」 菊之丞の声は、掠《か,General,"суицид референсится через слово ритуального, но речь третьих лиц о том, через какие испытания прошёл тот, кто убил себя",,,
野村胡堂,銭形平次捕物控,白紙の恐怖,Meiji,「銭形平次捕物控（十二）狐の嫁入」嶋中文庫、嶋中書店,自害,かで、人間一人滅多に死ねるものじゃねえ。自害をするにしても、殺すにしても、同じ手近に,Formal,,0.0,1.0,1.0
林不忘,釘抜藤吉捕物覚書,のの字の刀痕,Meiji,「一人三人全集1時代捕物釘抜藤吉捕物覚書」河出書房新社,自害,胸板を一つ叩いて見せた。 「三吉の野郎が自害と踏んでいるなら、今さら茶々を入れる筋で,Formal,,,,
国枝史郎,あさひの鎧,,Meiji,「あさひの鎧（上）」国枝史郎伝奇文庫、講談社,自害,に、腹切ることはまかりならぬ。尚われ既に自害したと見ば、顔の皮を剥ぎ耳鼻を切って、何,Formal,смешный контекст,,,
野村胡堂,錢形平次捕物控,密室,Meiji,「錢形平次捕物全集第四卷　からくり屋敷」同光社磯部書房,自害,《ひね》りました。 「それに、中年の女が自害でもしようといふ時、あんな恰好はして居ま,General,Ладно. ,,,
鈴木行三校訂・編纂,菊模様皿山奇談,三遊亭圓朝,Pre-Meiji,「圓朝全集　巻の九」近代文芸・資料複刻叢書、世界文庫,自害,は同家中に奉公していたが、少々仔細有って自害致した」 縫「でございますけれども、これ,General,,0.0,1.0,1.0
中里介山,大菩薩峠,無明の巻,Meiji,「大菩薩峠7」ちくま文庫、筑摩書房,自害,瞭になると、そのままこの雪隠の中へ入って自害を遂げてしまった。その後、どうもこの雪隠,Formal,,0.64,0.36,
林不忘,煩悩秘文書,,Meiji,「一人三人全集1時代捕物釘抜藤吉捕物覚書」河出書房新社,自害,州｜相良《さがら》の空を白眼《にら》んで自害して果てたという。 父母の仇、じぶんの敵,Formal,,,,
清水紫琴,したゆく水,,Meiji,「紫琴全集　全一巻」草土文化,自害,へば、奥様も、私がお邸出たからは、よも御自害はなさるまい。それに私が死んだらば、今宵,Formal,,0.64,0.36,
野村胡堂,錢形平次捕物控,お藤は解く,Meiji,「錢形平次捕物全集第六卷　兵庫の眼玉」同光社磯部書房,自害,いか」 「八、俺にはよく解つたよ、これは自害でなきや鎌鼬《かまいたち》かも知れないよ,General,,0.0,1.0,
菊池寛,藤十郎の恋,,Meiji,「菊池寛　短篇と戯曲」文芸春秋,自害,のう。 千寿　（同じく不思議そうに）女の自害！　はて女の自害！ 藤十郎　（思い当るこ,General,,,,
尾佐竹猛校訂,大岡政談,,Meiji,「大岡政談」帝國文庫、博文館,自害,べきや何卒《なにとぞ》妾《わたく》しへも自害《じがい》仰付られ度と願はれければ越前守,General,,0.0,1.0,
尾崎士郎訳,現代語訳　平家物語,第九巻,Meiji,「現代語訳　平家物語（下）」岩波現代文庫、岩波書店,自害,。殿はあの松原の中へ入られて、心静かにご自害遊ばしませ」 義仲に背を向けて引き返そう,Formal,,0.0,1.0,1.0
岡本綺堂,半七捕物帳,白蝶怪,Meiji,「時代推理小説　半七捕物帳（六）」光文社文庫、光文社,自害,家出をして帰らない。それがもとで、お勝は自害したそうです」 「自害したのか」と、吉五,Formal,,0.0,1.0,1.0
野村胡堂,銭形平次捕物控,第廿七吉,Meiji,「銭形平次捕物控（十四）雛の別れ」嶋中文庫、嶋中書店,自害,何と言う」 「父上市太郎様は、身を恥じて自害をなすったのです。それを庇《かば》ったの,Formal,,0.0,1.0,1.0
シェークスピヤ　William Shakespeare,ロミオとヂュリエット,ROMEO AND JULIET,Pre-Meiji,「ロミオとヂュリエット　新修シェークスピヤ全集　第二十五卷」中央公論社,自害,は聞《き》かれぬ筈《はず》ぢゃ。ロミオが自害《じがい》でもなされたか？　これ、唯《あ,General,,0.0,1.0,1.0
野村胡堂,錢形平次捕物控,嫁の死,Meiji,「錢形平次捕物全集第二十一卷　闇に飛ぶ箭」同光社,自害,引つぱり出したぢやありませんか。皆んなが自害だといふけれど、どうも腑に落ちないから」,Formal,,0.0,1.0,1.0
野村胡堂,錢形平次捕物控,嫁の死,Meiji,「錢形平次捕物全集第二十一卷　闇に飛ぶ箭」同光社,自害, 「この御嫁御は、刄物を持つてゐるから、自害をしたに違ひないが、――それにしては少し,Formal,,0.0,1.0,1.0
野村胡堂,錢形平次捕物控,死の祕薬,Meiji,「錢形平次捕物全集第三十四卷　江戸の夜光石」同光社,自害,して急死した例があります。 「で、壽齋は自害でもしたといふのか」 三輪の萬七は紛々《,Formal,,0.0,1.0,1.0
吉本明光編,お蝶夫人,三浦環,Meiji,「三浦環　「お蝶夫人」」人間の記録、日本図書センター,自害,した。けれど最後の幕で、屏風の蔭で短刀で自害して、目かくしをした愛児の傍ににじり寄る,General,,,,
坂口安吾,明治開化　安吾捕物,その九　覆面屋敷,Meiji,「坂口安吾全集　10」筑摩書房,自害,て来たのです。英信は私宛の告白をのこして自害しましたよ。私が説明するよりも、告白状が,Formal,,,,
国枝史郎,蔦葛木曽棧,,Meiji,「蔦葛木曽棧【上】」大衆文学館、講談社,自害,む器と人間の命、比べものにはならぬわい。自害してまでも見たいというそちの執心《しゅう,Formal,,0.0,1.0,
坂口安吾,明治開化　安吾捕物,その九　覆面屋敷,Meiji,「坂口安吾全集　10」筑摩書房,自害,説の一つであるが、彼女の死は病死ではなく自害だという風説があった。 なぜなら、風守が,Formal,,,,
直木三十五,南国太平記,,Meiji,「直木三十五作品集」文藝春秋,自害,前に、月丸へ、このことを話したい。そして自害したい――いいや、話をしたなら、月丸は、,General,,,,
直木三十五,南国太平記,,Meiji,「直木三十五作品集」文藝春秋,自害,とは、不思議なことではないのか。調所が、自害せなんだなら、今でも、手がつけられんが―,Formal,,0.0,1.0,
邦枝完二,乳を刺す,黒門町伝七捕物帳,Meiji,「競作　黒門町伝七捕物帳」光文社文庫、光文社,自害,今朝、暁《あ》け方《がた》に、袖ノ井が、自害して果てましたんで……」 「そうか。……,General,,,,
野村胡堂,銭形平次捕物控,和蘭カルタ,Meiji,「銭形平次捕物控（六）結納の行方」嶋中文庫、嶋中書店,自害,状することもならず、そのうちにお春さんが自害したり、文七が慾を出したりして、とうとう,General,,0.0,1.0,1.0
野村胡堂,錢形平次捕物控,用心棒,Meiji,「錢形平次捕物全集第四卷　からくり屋敷」同光社磯部書房,自害,、どう見たつて自害ぢやありませんか」 「自害なら、自分の部屋で、踊の師匠だもの、膝位,General,,,,
野村胡堂,銭形平次捕物控,尼が紅,Meiji,「銭形平次捕物控（九）　全十冊」角川文庫、角川書店,自害,、お前はこれをどう思う」 「へエ？」 「自害する女は、こんなに取乱すものかな。それに,General,,0.04,0.96,0.96
谷崎潤一郎,聞書抄,第二盲目物語,Meiji,「聞書抄」中公文庫、中央公論新社,自害,》まり候えば、只今にも伏見より検使あらば自害すべし、亡からん跡は誰をか頼み申すべきと,Formal,,0.0,1.0,1.0
野村胡堂,銭形平次捕物控,白紙の恐怖,Meiji,「銭形平次捕物控（十二）狐の嫁入」嶋中文庫、嶋中書店,自害,。 「あ、親分さん方、――主人はとうとう自害してしまいました。こんなことになりはしな,Formal,,0.0,1.0,1.0
野村胡堂,錢形平次捕物控,遺書の罪,Meiji,「錢形平次捕物全集第二十卷　狐の嫁入」同光社磯部書房,自害,彼と後が面倒なので、御親類方が集まつて、自害の體に拵《こしら》へ、澤山のお金まで費つ,Formal,,0.0,1.0,1.0
野村胡堂,錢形平次捕物控,歩く死骸,Meiji,「錢形平次捕物全集第二十六卷　お長屋碁會」同光社,自害,見銀山《いはみぎんざん》か何にか呑んで、自害したことになるが――」 平次は一歩突つ込,Formal,,0.0,1.0,1.0
甲賀三郎,支倉事件,,Meiji,「日本探偵小説全集1　黒岩涙香　小酒井不木　甲賀三郎集」創元推理文庫、東京創元社,自害,にして破れなば吾は絞首台に上らず自分から自害して男を見せん。夫れまでは吾は監獄に行き,Formal,,,,
佐々木味津三,右門捕物帖,献上博多人形,Meiji,「右門捕物帖（三）」春陽文庫、春陽堂書店,自害,まさしく自害だよ」 「えッ。自害！　自、自害でござりまするか！　あの男が、弥七郎が、,General,,0.0,1.0,1.0
正宗白鳥,孫だち,,Meiji,「正宗白鳥全集第六卷」福武書店,自害,は祖父《おぢい》が買つて下すつたこの家で自害しますよ。故郷へ歸つて清から隱居を貰つて,Formal,,0.0,1.0,1.0
野村胡堂,錢形平次捕物控,刑場の花嫁,Meiji,「錢形平次捕物全集第二十三卷　刑場の花嫁」同光社,自害,た。 「たつてならぬと仰しやれば、こゝで自害をいたします。せめて夫の先に死んで、死出,Formal,,0.0,1.0,1.0
野村胡堂,銭形平次捕物控,密室,Meiji,「奇譚　銭形平次　「銭形平次捕物控」傑作選」ＰＨＰ文庫、ＰＨＰ研究所,自害,さんあるんですぜ、親分。あっしもずいぶん自害をした女も見たが、あんなのは、どう考えた,General,,0.0,1.0,1.0
谷崎潤一郎,盲目物語,,Meiji,「盲目物語」中公文庫、中央公論新社,自害,ら早くきよすへ逃がすようにと、城介どの御自害のとき玄以斎どのへ御ゆいごんがござりまし,Formal,,0.0,1.0,1.0
国枝史郎,血ぬられた懐刀,,Meiji,「国枝史郎伝奇全集　巻五」未知谷,自害,れて居る。聚楽第は亡ぼされて、秀次公には自害されよう。従って俺も腹を切る。お前の後を,Formal,,,,
国枝史郎,紅白縮緬組,,Meiji,「銅銭会事変　短編」国枝史郎伝奇文庫27、講談社,自害,美しい若衆は何者であろう？　何んのために自害したのであろう？ 古い当時の記録を見ると,Formal,,0.57,0.43,
野村胡堂,錢形平次捕物控,毒酒藥酒,Meiji,「錢形平次捕物全集第三十四卷　江戸の夜光石」同光社,自害,》いので次の間に逃げてゐたが、薄墨華魁が自害をしようとしたので、二人がゝりでそれを止,Formal,,0.0,1.0,1.0
嘉村礒多,途上,,Meiji,「現代日本文學大系　49」筑摩書房,自害,がまはらず狸《たぬき》を捕《と》る毒薬で自害し、一人の女は継母と婿養子との不和から世,Formal,,0.0,1.0,
三上於菟吉,雪之丞変化,,Meiji,底本『大衆文学大系12』一九七二年三月　講談社刊,自害,。わしは死んで取り殺すぞ。可愛い女房まで自害をさせ、この清左衛門の手足をもぎ、口を塞,Formal,,0.6,0.4,
野村胡堂,銭形平次捕物控,刑場の花嫁,Meiji,「銭形平次捕物控（十一）懐ろ鏡」嶋中文庫、嶋中書店,自害,。 「たってならぬとおっしゃれば、ここで自害をいたします。せめて夫の先に死んで、死出,Formal,,0.0,1.0,1.0
岡本綺堂,経帷子の秘密,,Meiji,「鷲」光文社文庫、光文社,自害,が今なお連綿《れんめん》としているのは、自害したおっ母さんのお蔭だといって、その命日,Formal,,0.52,0.48,
尾佐竹猛校訂,大岡政談,,Meiji,「大岡政談」帝國文庫、博文館,自害,切腹《ごせつぷく》悴《せがれ》忠右衞門も自害致し死出《しで》三途《さんづ》の露拂《つ,General,,,,
岡本綺堂,玉藻の前,,Meiji,「修禅寺物語」光文社文庫、光文社,自害,ゃ。仇の亡骸《なきがら》を枕にして見事に自害なされませ」と、玉藻は命令するように言っ,Formal,"""Ты должен использовать труп врага как подушку для самоубийства"". Символично. ",,,
野村胡堂,錢形平次捕物控,御時計師,Meiji,「錢形平次捕物全集第二十五卷　火の呪ひ」同光社,自害,るな、爲三郎は殺されたのぢやない。あれは自害だよ」 「へエ」 「浴衣の胸をくつろげて,General,,0.0,1.0,1.0
佐々木味津三,右門捕物帖,献上博多人形,Meiji,「右門捕物帖（三）」春陽文庫、春陽堂書店,自害,その口を中から塗りこめてあったからにゃ、自害にちげえねえんだ。だのに、だのに、くやし,Formal,,0.0,1.0,1.0
野村胡堂,錢形平次捕物控,密室,Meiji,「錢形平次捕物全集第四卷　からくり屋敷」同光社磯部書房,自害,けで、平次にもわかりました。これは全く、自害であるべき筈はありません。が、内儀の死ん,General,,,,
